Match,Result,Winners,UFEs,Ratio,Wnr/Pt,UFE/Pt,RallyWinners,RallyUFEs,RallyRatio,Rally Wnr/Pt,Rally UFE/Pt,FH Wnr/Pt,BH Wnr/Pt,vs Ratio,vs Wnr/Pt,vs UFE/Pt

2025 Australian Open SF,L vs Zverev,21,18,1.2,22.8%,19.6%,16,18,0.9,20.5%,23.1%,5.1%,2.6%,1.9,31.5%,16.3%
2025 Australian Open QF,W vs Alcaraz,28,30,0.9,10.7%,11.5%,23,27,0.9,9.7%,11.3%,5.5%,4.2%,1.1,18.8%,17.6%
2025 Australian Open R16,W vs Lehecka,25,16,1.6,12.6%,8.1%,16,13,1.2,9.4%,7.6%,7.6%,1.8%,1.0,18.7%,18.2%
2025 Australian Open R32,W vs Machac,26,19,1.4,15.7%,11.4%,17,15,1.1,11.8%,10.4%,7.6%,4.2%,0.8,14.5%,17.5%
2025 Australian Open R128,W vs Basavareddy,49,32,1.5,20.9%,13.6%,26,28,0.9,13.3%,14.3%,8.7%,4.6%,0.9,13.2%,14.5%
2025 Brisbane QF,L vs Opelka,29,15,1.9,21.2%,10.9%,21,14,1.5,18.9%,12.6%,4.5%,1.8%,1.8,39.4%,21.9%
2025 Brisbane R16,W vs Monfils,23,15,1.5,23.0%,15.0%,18,14,1.3,20.9%,16.3%,4.7%,5.8%,0.8,22.0%,27.0%
2025 Brisbane R32,W vs Hijikata,26,9,2.9,25.7%,8.9%,14,9,1.6,17.3%,11.1%,7.4%,9.9%,1.2,14.9%,12.9%
2024 Shanghai Masters F,L vs Sinner,33,18,1.8,26.4%,14.4%,29,18,1.6,25.7%,15.9%,7.1%,2.7%,1.9,26.4%,13.6%
2024 Shanghai Masters SF,W vs Fritz,26,14,1.9,16.8%,9.0%,19,14,1.4,13.9%,10.2%,5.8%,8.0%,1.0,13.5%,14.2%
2024 Shanghai Masters QF,W vs Mensik,25,25,1.0,13.1%,13.1%,19,24,0.8,11.9%,15.0%,8.1%,2.5%,0.9,19.4%,22.5%
2024 Shanghai Masters R16,W vs Safiullin,34,11,3.1,36.2%,11.7%,29,10,2.9,34.5%,11.9%,13.1%,6.0%,1.4,24.5%,17.0%
2024 Shanghai Masters R32,W vs Cobolli,27,15,1.8,28.4%,15.8%,24,13,1.8,27.9%,15.1%,16.3%,7.0%,0.6,15.8%,26.3%
2024 US Open R32,L vs Popyrin,40,49,0.8,15.6%,19.1%,24,35,0.7,11.7%,17.0%,5.3%,5.8%,1.0,19.5%,19.5%
2024 US Open R64,W vs Djere,18,26,0.7,11.1%,16.0%,15,18,0.8,10.8%,12.9%,5.8%,3.6%,0.8,18.5%,24.7%
2024 US Open R128,W vs Albot,23,40,0.6,13.1%,22.7%,15,30,0.5,9.8%,19.6%,6.5%,3.3%,0.3,8.5%,25.6%
2024 Paris Olympics F,W vs Alcaraz,25,18,1.4,13.1%,9.4%,24,16,1.5,12.9%,8.6%,11.8%,0.5%,1.5,21.5%,14.7%
2024 Paris Olympics SF,W vs Musetti,18,17,1.1,15.0%,14.2%,15,16,0.9,13.2%,14.0%,4.4%,8.8%,0.5,9.2%,18.3%
2024 Paris Olympics QF,W vs Tsitsipas,28,21,1.3,18.8%,14.1%,22,20,1.1,16.2%,14.7%,8.1%,8.1%,0.9,14.1%,16.1%
2024 Paris Olympics R16,W vs Koepfer,23,11,2.1,20.0%,9.6%,18,11,1.6,17.8%,10.9%,8.9%,8.9%,1.0,20.0%,20.0%
2024 Paris Olympics R32,W vs Nadal,23,16,1.4,21.7%,15.1%,18,15,1.2,18.6%,15.5%,7.2%,11.3%,0.5,11.3%,20.8%
2024 Paris Olympics R64,W vs Ebden,23,7,3.3,31.5%,9.6%,19,7,2.7,29.7%,10.9%,15.6%,14.1%,0.5,9.6%,20.5%
2024 Wimbledon F,L vs Alcaraz,26,25,1.0,13.3%,12.8%,18,21,0.9,10.4%,12.1%,8.1%,2.3%,1.8,21.4%,12.2%
2024 Wimbledon SF,W vs Musetti,34,31,1.1,15.9%,14.5%,28,27,1.0,13.9%,13.4%,7.0%,6.5%,1.5,15.9%,10.3%
2024 Wimbledon R16,W vs Rune,21,22,1.0,13.1%,13.8%,16,20,0.8,11.0%,13.7%,8.2%,2.7%,0.5,9.4%,18.1%
2024 Wimbledon R32,W vs Popyrin,53,18,2.9,21.5%,7.3%,34,15,2.3,16.9%,7.5%,11.4%,5.0%,1.7,21.1%,12.6%
2024 Wimbledon R64,W vs Fearnley,34,27,1.3,13.9%,11.0%,20,24,0.8,9.5%,11.4%,7.1%,2.4%,0.9,17.1%,20.0%
2024 Wimbledon R128,W vs Kopriva,32,16,2.0,20.8%,10.4%,22,14,1.6,16.5%,10.5%,9.8%,6.0%,0.8,16.2%,19.5%
2024 Roland Garros R16,W vs Cerundolo,51,43,1.2,15.5%,13.1%,45,41,1.1,14.2%,13.0%,9.5%,4.7%,1.7,21.6%,12.5%
2024 Roland Garros R32,W vs Musetti,45,51,0.9,15.8%,18.0%,40,49,0.8,14.6%,17.9%,8.8%,5.8%,1.3,19.0%,14.4%
2024 Roland Garros R64,W vs Carballes Baena,42,14,3.0,27.8%,9.3%,37,13,2.8,26.4%,9.3%,15.7%,10.7%,1.1,12.6%,11.9%
2024 Roland Garros R128,W vs Herbert,29,15,1.9,15.8%,8.2%,25,13,1.9,15.2%,7.9%,10.4%,4.9%,1.3,19.6%,15.2%
2024 Geneva QF,W vs Griekspoor,7,7,1.0,6.5%,6.5%,3,6,0.5,3.2%,6.4%,0.0%,3.2%,0.8,22.2%,27.8%
2024 Rome Masters R32,L vs Tabilo,15,16,0.9,16.0%,17.0%,7,11,0.6,9.1%,14.3%,2.6%,6.5%,2.8,23.4%,8.5%
2024 Rome Masters R64,W vs Moutet,21,13,1.6,20.8%,12.9%,20,13,1.5,20.0%,13.0%,12.0%,8.0%,0.7,12.9%,19.8%
2024 Monte Carlo Masters SF,L vs Ruud,30,27,1.1,19.1%,17.2%,27,25,1.1,18.8%,17.4%,8.3%,10.4%,1.2,14.6%,12.1%
2024 Monte Carlo Masters QF,W vs De Minaur,13,24,0.5,9.6%,17.8%,11,23,0.5,8.8%,18.4%,3.2%,5.6%,0.6,13.3%,23.0%
2024 Monte Carlo Masters R16,W vs Musetti,19,24,0.8,14.7%,18.6%,16,22,0.7,13.1%,18.0%,7.4%,4.9%,0.6,14.0%,21.7%
2024 Monte Carlo Masters R32,W vs Safiullin,16,6,2.7,16.8%,6.3%,15,6,2.5,16.5%,6.6%,8.8%,7.7%,0.7,14.7%,22.1%
2024 Indian Wells Masters R32,L vs Nardi,18,25,0.7,9.7%,13.5%,14,24,0.6,8.4%,14.4%,6.0%,2.4%,1.1,19.5%,17.8%
2024 Indian Wells Masters R64,W vs Vukic,25,21,1.2,14.2%,11.9%,13,16,0.8,8.8%,10.8%,6.8%,2.0%,1.0,15.3%,15.3%
2024 Australian Open SF,L vs Sinner,33,54,0.6,14.6%,23.9%,26,50,0.5,12.7%,24.4%,6.8%,2.4%,1.2,15.0%,12.8%
2024 Australian Open QF,W vs Fritz,50,29,1.7,18.6%,10.8%,29,26,1.1,12.8%,11.5%,4.9%,7.1%,1.4,23.0%,16.7%
2024 Australian Open R16,W vs Mannarino,28,10,2.8,22.0%,7.9%,11,5,2.2,10.6%,4.8%,3.8%,6.7%,0.4,8.7%,22.0%
2024 Australian Open R64,W vs Popyrin,29,22,1.3,12.6%,9.6%,18,22,0.8,9.1%,11.1%,6.1%,3.0%,1.4,22.6%,16.1%
2024 Australian Open R128,W vs Prizmic,35,48,0.7,14.3%,19.7%,24,47,0.5,11.0%,21.5%,8.7%,1.8%,0.7,11.5%,16.0%
2024 United Cup QF,L vs De Minaur,19,34,0.6,16.2%,29.1%,14,33,0.4,13.7%,32.4%,5.9%,2.9%,1.6,16.2%,10.3%
2024 United Cup RR,W vs Zhang,19,8,2.4,18.4%,7.8%,12,7,1.7,13.5%,7.9%,11.2%,2.2%,0.8,16.5%,21.4%
2024 United Cup RR,W vs Lehecka,22,21,1.0,14.2%,13.5%,19,19,1.0,13.1%,13.1%,7.6%,5.5%,0.8,16.8%,20.0%
2023 Davis Cup RR,L vs Sinner,23,24,1.0,12.8%,13.3%,17,23,0.7,10.8%,14.6%,7.6%,1.3%,0.9,20.0%,22.8%
2023 Tour Finals F,W vs Sinner,18,11,1.6,15.0%,9.2%,4,11,0.4,4.1%,11.3%,3.1%,1.0%,0.5,13.3%,27.5%
2023 Tour Finals SF,W vs Alcaraz,15,9,1.7,13.5%,8.1%,12,8,1.5,12.5%,8.3%,5.2%,4.2%,0.9,20.7%,23.4%
2023 Tour Finals RR,W vs Rune,36,24,1.5,16.6%,11.1%,26,20,1.3,14.6%,11.2%,9.0%,5.6%,1.7,24.0%,14.3%
2023 Tour Finals RR,L vs Sinner,43,31,1.4,19.7%,14.2%,23,30,0.8,12.8%,16.7%,9.4%,3.3%,1.2,18.3%,15.6%
2023 Tour Finals RR,W vs Hurkacz,22,19,1.2,12.9%,11.2%,17,18,0.9,12.7%,13.4%,8.2%,4.5%,0.9,21.2%,22.9%
2023 Paris Masters F,W vs Dimitrov,26,18,1.4,22.4%,15.5%,20,17,1.2,19.6%,16.7%,2.0%,5.9%,0.6,19.0%,30.2%
2023 Paris Masters SF,W vs Rublev,63,35,1.8,27.4%,15.2%,46,30,1.5,24.2%,15.8%,6.3%,3.7%,1.9,27.8%,14.3%
2023 Paris Masters QF,W vs Rune,30,21,1.4,15.9%,11.1%,20,17,1.2,12.2%,10.4%,8.5%,3.7%,1.8,20.1%,11.1%
2023 Paris Masters R32,W vs Etcheverry,23,17,1.4,22.5%,16.7%,16,14,1.1,18.4%,16.1%,11.5%,5.7%,1.1,13.7%,12.7%
2023 US Open F,W vs Medvedev,38,35,1.1,17.7%,16.3%,34,29,1.2,17.6%,15.0%,10.9%,6.2%,0.8,14.9%,18.1%
2023 US Open SF,W vs Shelton,28,25,1.1,13.9%,12.4%,23,22,1.0,12.6%,12.0%,8.7%,3.8%,0.7,14.9%,21.4%
2023 US Open QF,W vs Fritz,25,26,1.0,13.7%,14.2%,18,21,0.9,11.2%,13.0%,6.8%,3.7%,0.6,18.0%,27.9%
2023 US Open R16,W vs Gojo,26,12,2.2,13.7%,6.3%,14,9,1.6,9.2%,5.9%,5.2%,2.6%,1.0,21.1%,21.1%
2023 US Open R32,W vs Djere,34,36,0.9,12.6%,13.3%,22,32,0.7,9.0%,13.1%,4.5%,3.7%,0.7,15.6%,21.5%
2023 US Open R64,W vs Zapata Miralles,35,22,1.6,23.0%,14.5%,30,22,1.4,21.0%,15.4%,11.9%,7.7%,0.7,9.9%,14.5%
2023 US Open R128,W vs Muller,32,23,1.4,25.0%,18.0%,26,18,1.4,24.1%,16.7%,20.4%,2.8%,0.6,8.6%,14.1%
2023 Cincinnati Masters F,W vs Alcaraz,25,55,0.5,9.6%,21.1%,21,50,0.4,8.9%,21.2%,3.8%,3.4%,0.8,16.5%,21.1%
2023 Cincinnati Masters SF,W vs Zverev,19,22,0.9,11.9%,13.8%,15,19,0.8,10.7%,13.6%,8.6%,2.1%,1.0,16.3%,16.9%
2023 Cincinnati Masters QF,W vs Fritz,22,17,1.3,26.2%,20.2%,20,13,1.5,27.4%,17.8%,8.2%,4.1%,0.5,15.5%,28.6%
2023 Cincinnati Masters R16,W vs Monfils,20,12,1.7,19.8%,11.9%,19,9,2.1,22.4%,10.6%,5.9%,1.2%,0.7,24.8%,35.6%
2023 Wimbledon F,L vs Alcaraz,32,40,0.8,9.6%,12.0%,30,37,0.8,9.6%,11.8%,7.0%,2.6%,1.5,19.8%,13.5%
2023 Wimbledon SF,W vs Sinner,33,21,1.6,16.3%,10.4%,22,21,1.0,12.2%,11.7%,8.9%,2.2%,1.3,21.8%,17.3%
2023 Wimbledon QF,W vs Rublev,42,23,1.8,19.4%,10.6%,37,22,1.7,18.2%,10.8%,11.8%,5.4%,1.3,14.7%,11.5%
2023 Wimbledon R16,W vs Hurkacz,44,16,2.8,16.2%,5.9%,26,13,2.0,12.2%,6.1%,7.0%,5.2%,1.7,23.6%,13.7%
2023 Wimbledon R32,W vs Wawrinka,38,26,1.5,22.8%,15.6%,27,25,1.1,18.1%,16.8%,13.4%,4.7%,0.4,7.2%,17.4%
2023 Wimbledon R64,W vs Thompson,40,13,3.1,20.1%,6.5%,32,13,2.5,19.0%,7.7%,12.5%,6.0%,2.2,21.6%,10.1%
2023 Wimbledon R128,W vs Cachin,45,19,2.4,23.3%,9.8%,32,16,2.0,19.5%,9.8%,11.0%,6.7%,1.0,14.5%,15.0%
2023 Roland Garros F,W vs Ruud,53,30,1.8,25.6%,14.5%,42,29,1.4,22.1%,15.3%,17.9%,4.2%,1.0,15.5%,15.5%
2023 Roland Garros SF,W vs Alcaraz,35,39,0.9,15.6%,17.4%,27,36,0.8,13.0%,17.3%,5.3%,7.7%,0.7,15.6%,22.3%
2023 Roland Garros QF,W vs Khachanov,59,48,1.2,22.3%,18.2%,48,42,1.1,20.3%,17.8%,12.3%,7.2%,0.8,14.4%,18.6%
2023 Roland Garros R16,W vs Varillas,38,19,2.0,26.8%,13.4%,31,16,1.9,24.0%,12.4%,14.7%,7.0%,0.7,11.3%,16.9%
2023 Roland Garros R32,W vs Davidovich Fokina,24,45,0.5,11.2%,21.0%,24,39,0.6,11.8%,19.2%,6.4%,4.9%,0.6,16.8%,29.0%
2023 Roland Garros R64,W vs Fucsovics,33,40,0.8,16.7%,20.2%,31,36,0.9,16.8%,19.5%,9.7%,5.9%,0.8,14.6%,19.2%
2023 Rome Masters QF,L vs Rune,22,36,0.6,14.2%,23.2%,18,33,0.5,12.6%,23.1%,11.2%,1.4%,2.1,17.4%,8.4%
2023 Rome Masters R64,W vs Etcheverry,26,22,1.2,20.2%,17.1%,25,22,1.1,20.5%,18.0%,10.7%,9.8%,0.7,10.1%,14.0%
2023 Banja Luka QF,L vs Lajovic,26,32,0.8,13.9%,17.1%,23,30,0.8,12.8%,16.8%,8.9%,3.4%,0.9,20.9%,23.0%
2023 Monte Carlo Masters R16,L vs Musetti,26,51,0.5,13.3%,26.2%,25,45,0.6,13.7%,24.6%,7.7%,5.5%,0.8,13.8%,17.4%
2023 Dubai SF,L vs Medvedev,26,22,1.2,21.3%,18.0%,21,21,1.0,19.6%,19.6%,15.9%,3.7%,2.5,16.4%,6.6%
2023 Dubai QF,W vs Hurkacz,19,15,1.3,17.0%,13.4%,15,13,1.2,15.3%,13.3%,14.3%,1.0%,1.0,20.5%,19.6%
2023 Dubai R16,W vs Griekspoor,28,11,2.5,22.8%,8.9%,20,8,2.5,20.2%,8.1%,12.1%,8.1%,0.7,17.1%,24.4%
2023 Dubai R32,W vs Machac,43,36,1.2,22.2%,18.6%,31,28,1.1,18.9%,17.1%,15.2%,3.0%,1.3,18.0%,13.9%
2023 Australian Open F,W vs Tsitsipas,33,26,1.3,16.0%,12.6%,26,23,1.1,14.6%,12.9%,9.6%,5.1%,0.9,18.4%,20.9%
2023 Australian Open SF,W vs Paul,30,33,0.9,17.9%,19.6%,18,28,0.6,12.2%,19.0%,8.2%,4.1%,0.5,10.1%,21.4%
2023 Australian Open QF,W vs Rublev,31,16,1.9,17.2%,8.9%,16,11,1.5,10.6%,7.3%,6.6%,2.6%,0.8,16.7%,20.6%
2023 Australian Open R16,W vs De Minaur,27,27,1.0,18.0%,18.0%,23,24,1.0,16.7%,17.4%,10.1%,5.8%,0.4,7.3%,17.3%
2023 Australian Open R32,W vs Dimitrov,25,25,1.0,11.0%,11.0%,14,23,0.6,7.1%,11.7%,6.1%,1.0%,0.9,22.8%,24.6%
2023 Australian Open R64,W vs Couacaud,63,40,1.6,25.6%,16.3%,53,34,1.6,23.9%,15.3%,18.9%,5.0%,0.8,13.0%,17.1%
2023 Australian Open R128,W vs Carballes Baena,38,26,1.5,25.7%,17.6%,29,25,1.2,21.8%,18.8%,15.8%,6.0%,0.7,8.8%,12.8%
2023 Adelaide 1 F,W vs Korda,30,32,0.9,13.2%,14.0%,23,28,0.8,11.6%,14.1%,7.6%,4.0%,0.7,18.4%,25.4%
2023 Adelaide 1 SF,W vs Medvedev,20,11,1.8,18.3%,10.1%,15,8,1.9,16.1%,8.6%,8.6%,5.4%,0.7,10.1%,13.8%
2023 Adelaide 1 R16,W vs Halys,42,14,3.0,26.6%,8.9%,32,10,3.2,24.4%,7.6%,18.3%,3.8%,1.3,24.1%,18.4%
2022 Tour Finals F,W vs Ruud,28,16,1.8,25.0%,14.3%,20,16,1.3,20.6%,16.5%,13.4%,7.2%,0.9,12.5%,13.4%
2022 Tour Finals SF,W vs Fritz,16,24,0.7,10.2%,15.3%,10,23,0.4,7.5%,17.2%,3.7%,3.7%,1.0,19.1%,19.7%
2022 Tour Finals RR,W vs Medvedev,47,31,1.5,18.3%,12.1%,38,28,1.4,16.7%,12.3%,11.5%,5.3%,1.5,16.0%,10.5%
2022 Tour Finals RR,W vs Rublev,20,4,5.0,20.2%,4.0%,8,4,2.0,10.5%,5.3%,6.6%,3.9%,1.6,18.2%,11.1%
2022 Tour Finals RR,W vs Tsitsipas,25,10,2.5,20.2%,8.1%,22,8,2.8,20.0%,7.3%,15.5%,2.7%,1.6,22.6%,13.7%
2022 Paris Masters F,L vs Rune,33,25,1.3,17.5%,13.2%,26,23,1.1,15.7%,13.9%,12.0%,3.6%,1.3,23.3%,18.5%
2022 Paris Masters SF,W vs Tsitsipas,35,11,3.2,21.5%,6.7%,24,11,2.2,16.9%,7.7%,9.9%,7.0%,1.9,17.2%,9.2%
2022 Paris Masters R32,W vs Cressy,21,3,7.0,15.9%,2.3%,17,1,17.0,16.8%,1.0%,9.9%,5.0%,2.1,31.1%,15.2%
2022 Astana F,W vs Tsitsipas,15,4,3.8,15.8%,4.2%,14,4,3.5,15.4%,4.4%,8.8%,6.6%,0.9,13.7%,14.7%
2022 Astana SF,W vs Medvedev,26,23,1.1,19.7%,17.4%,23,23,1.0,19.5%,19.5%,11.9%,7.6%,2.4,19.7%,8.3%
2022 Astana R16,W vs Van De Zandschulp,23,11,2.1,25.0%,12.0%,18,11,1.6,22.0%,13.4%,13.4%,8.5%,0.7,15.2%,20.7%
2022 Tel Aviv F,W vs Cilic,20,15,1.3,17.4%,13.0%,13,11,1.2,15.1%,12.8%,5.8%,8.1%,0.9,17.4%,20.0%
2022 Tel Aviv SF,W vs Safiullin,15,11,1.4,11.9%,8.7%,8,9,0.9,7.7%,8.7%,3.8%,2.9%,0.6,15.9%,25.4%
2022 Laver Cup RR,L vs Auger Aliassime,13,16,0.8,10.1%,12.4%,11,12,0.9,10.1%,11.0%,8.3%,1.8%,2.1,30.2%,14.7%
2022 Wimbledon F,W vs Kyrgios,46,17,2.7,18.9%,7.0%,31,10,3.1,16.8%,5.4%,8.6%,7.0%,1.9,25.4%,13.5%
2022 Wimbledon SF,W vs Norrie,38,28,1.4,18.8%,13.9%,25,27,0.9,14.0%,15.2%,9.6%,3.9%,0.9,16.3%,17.8%
2022 Wimbledon QF,W vs Sinner,41,33,1.2,15.6%,12.6%,33,28,1.2,14.1%,12.0%,9.4%,3.8%,1.0,16.4%,15.6%
2022 Wimbledon R16,W vs Van Rijthoven,29,19,1.5,13.1%,8.6%,22,17,1.3,11.8%,9.1%,7.5%,4.3%,0.8,18.6%,24.0%
2022 Wimbledon R32,W vs Kecmanovic,36,19,1.9,22.4%,11.8%,30,15,2.0,20.7%,10.3%,13.8%,6.2%,0.5,8.1%,16.8%
2022 Wimbledon R64,W vs Kokkinakis,29,14,2.1,18.1%,8.8%,28,11,2.5,20.0%,7.9%,12.1%,7.9%,1.3,19.4%,14.4%
2022 Wimbledon R128,W vs Kwon,31,29,1.1,15.0%,14.1%,16,27,0.6,9.0%,15.3%,7.3%,0.6%,1.2,15.0%,12.6%
2022 Roland Garros QF,L vs Nadal,55,63,0.9,19.8%,22.7%,50,59,0.8,19.1%,22.5%,10.7%,5.7%,1.3,23.4%,17.6%
2022 Rome Masters F,W vs Tsitsipas,27,12,2.3,24.1%,10.7%,21,11,1.9,20.4%,10.7%,13.6%,4.9%,0.6,9.8%,17.9%
2022 Rome Masters SF,W vs Ruud,21,24,0.9,18.3%,20.9%,20,23,0.9,18.0%,20.7%,11.7%,4.5%,0.7,18.3%,27.8%
2022 Rome Masters QF,W vs Auger Aliassime,23,17,1.4,15.3%,11.3%,19,17,1.1,14.4%,12.9%,6.8%,6.1%,1.3,21.3%,16.0%
2022 Rome Masters R16,W vs Wawrinka,26,12,2.2,24.8%,11.4%,24,12,2.0,24.5%,12.2%,8.2%,5.1%,0.8,21.0%,26.7%
2022 Rome Masters R32,W vs Karatsev,20,17,1.2,17.5%,14.9%,19,15,1.3,18.4%,14.6%,8.7%,4.9%,0.6,21.9%,36.0%
2022 Madrid Masters SF,L vs Alcaraz,23,24,1.0,8.7%,9.1%,15,22,0.7,6.0%,8.9%,2.4%,3.2%,1.0,19.2%,18.9%
2022 Madrid Masters QF,W vs Hurkacz,16,12,1.3,14.5%,10.9%,10,11,0.9,10.2%,11.2%,9.2%,1.0%,0.8,17.3%,22.7%
2022 Madrid Masters R32,W vs Monfils,18,18,1.0,16.2%,16.2%,16,15,1.1,15.4%,14.4%,7.7%,2.9%,0.6,20.7%,34.2%
2022 Belgrade  F,L vs Rublev,26,34,0.8,13.8%,18.1%,19,29,0.7,11.4%,17.5%,6.6%,3.6%,1.6,23.4%,14.4%
2022 Monte Carlo Masters R32,L vs Davidovich Fokina,27,52,0.5,12.4%,23.9%,26,47,0.6,12.6%,22.7%,9.7%,2.9%,1.0,17.0%,17.4%
2021 Tour Finals SF,L vs Zverev,27,29,0.9,14.4%,15.4%,12,28,0.4,7.6%,17.7%,5.7%,1.9%,1.4,18.1%,12.8%
2021 Tour Finals RR,W vs Ruud,21,15,1.4,17.2%,12.3%,11,15,0.7,11.1%,15.2%,10.1%,1.0%,0.9,21.3%,23.0%
2021 Tour Finals RR,W vs Rublev,21,7,3.0,21.0%,7.0%,7,7,1.0,8.9%,8.9%,5.1%,3.8%,0.6,17.0%,27.0%
2021 Paris Masters F,W vs Medvedev,38,31,1.2,21.8%,17.8%,32,29,1.1,20.5%,18.6%,14.7%,5.8%,1.2,17.8%,14.4%
2021 Paris Masters SF,W vs Hurkacz,21,26,0.8,11.6%,14.4%,16,23,0.7,10.1%,14.5%,6.9%,3.1%,0.8,16.6%,21.0%
2021 Paris Masters QF,W vs Fritz,21,19,1.1,19.8%,17.9%,13,16,0.8,15.1%,18.6%,10.5%,4.7%,0.5,14.2%,28.3%
2021 US Open F,L vs Medvedev,27,38,0.7,14.8%,20.9%,21,35,0.6,14.2%,23.6%,8.1%,4.7%,1.2,20.9%,17.0%
2021 US Open SF,W vs Zverev,41,49,0.8,15.0%,17.9%,29,47,0.6,12.3%,19.9%,8.9%,3.0%,1.0,17.9%,18.2%
2021 US Open QF,W vs Berrettini,44,28,1.6,16.7%,10.6%,32,24,1.3,14.0%,10.5%,9.6%,3.9%,1.0,15.9%,16.3%
2021 US Open R16,W vs Brooksby,45,41,1.1,21.3%,19.4%,36,40,0.9,18.4%,20.4%,14.3%,3.1%,1.0,12.8%,13.3%
2021 US Open R32,W vs Nishikori,45,52,0.9,16.4%,19.0%,30,45,0.7,12.3%,18.5%,5.8%,5.8%,0.7,13.9%,20.8%
2021 US Open R64,W vs Griekspoor,33,20,1.7,22.3%,13.5%,20,15,1.3,16.3%,12.2%,9.8%,4.1%,0.7,13.5%,18.9%
2021 US Open R128,W vs Rune,55,30,1.8,28.9%,15.8%,38,23,1.7,23.6%,14.3%,14.3%,5.6%,0.9,12.6%,13.7%
2021 Tokyo Olympics BR,L vs Carreno Busta,31,26,1.2,15.1%,12.7%,28,23,1.2,14.6%,12.0%,10.4%,4.2%,1.2,19.0%,15.6%
2021 Tokyo Olympics SF,L vs Zverev,16,14,1.1,10.6%,9.3%,12,13,0.9,8.7%,9.4%,5.1%,3.6%,2.9,27.2%,9.3%
2021 Tokyo Olympics QF,W vs Nishikori,16,15,1.1,17.8%,16.7%,13,11,1.2,16.0%,13.6%,8.6%,7.4%,0.3,6.7%,24.4%
2021 Tokyo Olympics R16,W vs Davidovich Fokina,23,9,2.6,20.7%,8.1%,14,8,1.8,14.1%,8.1%,9.1%,5.1%,0.5,10.8%,20.7%
2021 Tokyo Olympics R32,W vs Struff,23,12,1.9,21.3%,11.1%,9,11,0.8,10.2%,12.5%,6.8%,3.4%,1.5,11.1%,7.4%
2021 Tokyo Olympics R64,W vs Dellien,19,9,2.1,20.7%,9.8%,12,9,1.3,14.3%,10.7%,7.1%,7.1%,0.4,7.6%,21.7%
2021 Wimbledon F,W vs Berrettini,31,21,1.5,11.2%,7.6%,26,17,1.5,10.5%,6.9%,5.2%,4.4%,1.2,20.7%,17.4%
2021 Wimbledon SF,W vs Shapovalov,33,15,2.2,15.0%,6.8%,25,10,2.5,12.8%,5.1%,6.1%,4.6%,1.1,18.2%,16.4%
2021 Wimbledon QF,W vs Fucsovics,23,30,0.8,11.9%,15.5%,19,27,0.7,10.7%,15.3%,5.6%,5.1%,0.8,12.4%,16.0%
2021 Wimbledon R16,W vs Garin,28,23,1.2,18.4%,15.1%,19,22,0.9,14.1%,16.3%,8.1%,5.9%,0.5,9.2%,17.1%
2021 Wimbledon R32,W vs Kudla,34,28,1.2,18.1%,14.9%,26,22,1.2,15.8%,13.3%,10.9%,4.2%,0.9,16.0%,18.6%
2021 Wimbledon R64,W vs Anderson,25,6,4.2,16.8%,4.0%,16,5,3.2,12.9%,4.0%,8.1%,4.0%,0.9,16.1%,17.4%
2021 Wimbledon R128,W vs Draper,47,24,2.0,25.1%,12.8%,22,23,1.0,14.6%,15.2%,8.6%,5.3%,1.0,13.9%,14.4%
2021 Roland Garros F,W vs Tsitsipas,51,38,1.3,16.4%,12.2%,51,38,1.3,17.9%,13.3%,,,1.2,15.1%,12.9%
2021 Roland Garros SF,W vs Nadal,44,34,1.3,16.5%,12.8%,44,34,1.3,18.1%,14.0%,,,0.9,15.8%,17.7%
2021 Roland Garros QF,W vs Berrettini,34,18,1.9,12.3%,6.5%,34,18,1.9,13.5%,7.2%,,,0.9,15.9%,17.4%
2021 Roland Garros R16,W vs Musetti,42,40,1.1,16.6%,15.8%,42,40,1.1,17.7%,16.9%,,,0.6,11.5%,18.6%
2021 Roland Garros R32,W vs Berankis,25,15,1.7,17.6%,10.6%,25,15,1.7,19.2%,11.5%,,,0.6,13.4%,23.2%
2021 Roland Garros R64,W vs Cuevas,22,19,1.2,13.1%,11.3%,22,19,1.2,15.0%,12.9%,,,1.1,15.5%,13.7%
2021 Roland Garros R128,W vs Sandgren,29,19,1.5,17.4%,11.4%,29,19,1.5,18.7%,12.3%,,,0.8,12.0%,15.6%
2021 Belgrade 2 F,W vs Molcan,21,19,1.1,18.9%,17.1%,19,16,1.2,18.1%,15.2%,14.3%,3.8%,0.6,12.6%,22.5%
2021 Rome Masters F,L vs Nadal,29,35,0.8,15.2%,18.3%,23,31,0.7,13.0%,17.5%,5.6%,7.3%,1.5,19.9%,13.6%
2021 Rome Masters SF,W vs Sonego,34,24,1.4,17.5%,12.4%,29,22,1.3,16.0%,12.2%,11.6%,4.4%,0.9,17.0%,19.6%
2021 Belgrade SF,L vs Karatsev,22,40,0.6,8.8%,15.9%,20,34,0.6,8.6%,14.6%,3.9%,4.7%,0.9,19.5%,22.7%
2021 Monte Carlo Masters R16,L vs Evans,27,44,0.6,16.9%,27.5%,24,40,0.6,15.8%,26.3%,10.5%,5.3%,0.8,13.1%,16.3%
2021 Australian Open F,W vs Medvedev,17,15,1.1,11.0%,9.7%,17,15,1.1,12.1%,10.7%,,,0.7,11.6%,16.8%
2021 Australian Open SF,W vs Karatsev,13,12,1.1,8.8%,8.2%,13,12,1.1,10.8%,10.0%,,,0.6,12.2%,19.0%
2021 Australian Open QF,W vs Zverev,25,51,0.5,8.7%,17.7%,25,51,0.5,10.7%,21.8%,,,0.7,8.3%,11.5%
2021 Australian Open R16,W vs Raonic,31,22,1.4,12.7%,9.0%,31,22,1.4,15.3%,10.9%,,,0.8,9.8%,13.1%
2021 Australian Open R32,W vs Fritz,37,48,0.8,11.9%,15.4%,37,48,0.8,13.9%,18.0%,,,0.9,12.2%,14.1%
2021 Australian Open R64,W vs Tiafoe,30,32,0.9,11.2%,11.9%,30,32,0.9,14.6%,15.5%,,,0.7,9.7%,13.1%
2021 Australian Open R128,W vs Chardy,32,10,3.2,22.4%,7.0%,32,10,3.2,25.2%,7.9%,,,0.7,11.9%,16.1%
2020 Tour Finals SF,L vs Thiem,22,30,0.7,9.4%,12.8%,17,30,0.6,8.0%,14.2%,6.6%,1.4%,1.1,20.9%,18.4%
2020 Tour Finals RR,L vs Medvedev,19,32,0.6,15.3%,25.8%,16,27,0.6,15.7%,26.5%,12.7%,2.9%,1.4,16.9%,12.1%
2020 Vienna QF,L vs Sonego,7,21,0.3,6.8%,20.4%,5,18,0.3,5.6%,20.0%,1.1%,2.2%,1.7,24.3%,14.6%
2020 Roland Garros F,L vs Nadal,37,48,0.8,20.2%,26.2%,37,48,0.8,21.4%,27.7%,,,2.1,14.8%,7.1%
2020 Roland Garros SF,W vs Tsitsipas,51,44,1.2,15.9%,13.7%,51,44,1.2,17.1%,14.8%,,,0.9,14.0%,15.9%
2020 Roland Garros QF,W vs Carreno Busta,52,36,1.4,21.4%,14.8%,52,36,1.4,22.6%,15.7%,,,1.5,16.0%,10.7%
2020 Roland Garros R16,W vs Khachanov,42,27,1.6,21.0%,13.5%,42,27,1.6,22.3%,14.4%,,,1.0,13.0%,13.5%
2020 Roland Garros R32,W vs Galan,36,26,1.4,21.4%,15.5%,36,26,1.4,22.8%,16.5%,,,0.6,8.3%,13.7%
2020 Roland Garros R64,W vs Berankis,15,13,1.2,12.6%,10.9%,15,13,1.2,14.0%,12.1%,,,0.6,11.8%,20.2%
2020 Roland Garros R128,W vs Ymer,30,20,1.5,23.1%,15.4%,30,20,1.5,25.2%,16.8%,,,0.5,7.7%,16.9%
2020 Rome Masters F,W vs Schwartzman,28,27,1.0,20.6%,19.9%,26,26,1.0,20.2%,20.2%,13.2%,6.2%,0.7,12.5%,17.6%
2020 Rome Masters SF,W vs Ruud,36,24,1.5,22.1%,14.7%,24,23,1.0,16.3%,15.6%,9.5%,6.8%,0.9,16.0%,17.8%
2020 US Open R32,W vs Struff,34,23,1.5,21.7%,14.6%,30,18,1.7,21.9%,13.1%,15.3%,4.4%,0.7,14.6%,20.4%
2020 US Open R64,W vs Edmund,52,34,1.5,21.1%,13.8%,36,31,1.2,16.7%,14.4%,8.4%,7.0%,0.8,10.9%,14.6%
2020 US Open R128,W vs Dzumhur,32,29,1.1,18.1%,16.4%,27,24,1.1,17.2%,15.3%,11.5%,5.1%,0.6,13.6%,23.2%
2020 Cincinnati Masters F,W vs Raonic,13,19,0.7,8.8%,12.9%,11,14,0.8,8.7%,11.0%,6.3%,1.6%,0.9,18.4%,19.7%
2020 Cincinnati Masters SF,W vs Bautista Agut,41,43,1.0,19.2%,20.2%,27,36,0.8,14.5%,19.4%,9.7%,4.8%,0.7,12.2%,16.4%
2020 Dubai F,W vs Tsitsipas,12,13,0.9,11.4%,12.4%,10,13,0.8,10.9%,14.1%,4.3%,6.5%,0.7,16.2%,23.8%
2020 Dubai SF,W vs Monfils,22,34,0.6,12.0%,18.5%,17,33,0.5,10.3%,20.0%,9.1%,1.2%,0.7,16.8%,25.0%
2020 Australian Open F,W vs Thiem,37,52,0.7,12.2%,17.1%,37,52,0.7,13.6%,19.1%,,,0.8,13.8%,17.1%
2020 Australian Open SF,W vs Federer,20,17,1.2,9.7%,8.3%,20,17,1.2,11.4%,9.7%,,,1.0,15.0%,15.5%
2020 Australian Open QF,W vs Raonic,25,13,1.9,10.9%,5.7%,25,13,1.9,12.5%,6.5%,,,0.7,13.1%,18.3%
2020 Australian Open R16,W vs Schwartzman,30,30,1.0,17.1%,17.1%,30,30,1.0,18.6%,18.6%,,,0.6,9.1%,14.3%
2020 Australian Open R32,W vs Nishioka,23,21,1.1,16.9%,15.4%,23,21,1.1,20.5%,18.8%,,,0.8,10.3%,13.2%
2020 Australian Open R64,W vs Ito,15,12,1.3,10.6%,8.5%,15,12,1.3,13.6%,10.9%,,,0.3,6.4%,19.9%
2020 Australian Open R128,W vs Struff,30,25,1.2,14.7%,12.3%,30,25,1.2,18.0%,15.0%,,,1.0,12.7%,13.2%
2020 Atp Cup F,W vs Nadal,37,21,1.8,27.6%,15.7%,25,19,1.3,22.3%,17.0%,11.6%,10.7%,0.9,12.7%,13.4%
2020 Atp Cup SF,W vs Medvedev,36,37,1.0,16.4%,16.9%,32,32,1.0,16.1%,16.1%,8.0%,7.5%,0.8,13.7%,17.4%
2019 Tour Finals RR,W vs Berrettini,10,9,1.1,11.4%,10.2%,6,8,0.8,7.8%,10.4%,7.8%,0.0%,0.4,14.8%,34.1%
2019 Tour Finals RR,L vs Thiem,27,34,0.8,12.5%,15.7%,18,31,0.6,9.3%,16.0%,4.6%,4.6%,1.0,22.7%,23.6%
2019 Tour Finals RR,L vs Federer,14,18,0.8,12.6%,16.2%,12,15,0.8,13.0%,16.3%,7.6%,5.4%,3.3,20.7%,6.3%
2019 Paris Masters F,W vs Shapovalov,10,8,1.3,9.6%,7.7%,8,7,1.1,9.2%,8.0%,6.9%,2.3%,1.0,20.2%,21.2%
2019 Paris Masters SF,W vs Dimitrov,15,20,0.8,12.3%,16.4%,10,16,0.6,9.5%,15.2%,4.8%,1.0%,1.0,20.5%,20.5%
2019 Paris Masters QF,W vs Tsitsipas,19,11,1.7,22.6%,13.1%,14,11,1.3,19.2%,15.1%,9.6%,9.6%,0.4,10.7%,25.0%
2019 Shanghai Masters QF,L vs Tsitsipas,27,27,1.0,16.1%,16.1%,19,25,0.8,13.2%,17.4%,8.3%,4.9%,1.2,19.6%,16.7%
2019 Shanghai Masters R32,W vs Shapovalov,33,12,2.8,31.1%,11.3%,30,12,2.5,31.3%,12.5%,12.5%,6.3%,1.0,23.6%,24.5%
2019 Tokyo F,W vs Millman,17,21,0.8,17.7%,21.9%,11,21,0.5,12.4%,23.6%,9.0%,2.2%,0.6,10.4%,16.7%
2019 US Open R16,L vs Wawrinka,15,35,0.4,10.5%,24.5%,13,30,0.4,10.5%,24.2%,5.6%,1.6%,0.9,11.9%,13.3%
2019 US Open R32,W vs Kudla,34,31,1.1,18.6%,16.9%,28,23,1.2,17.5%,14.4%,12.5%,3.8%,1.0,13.7%,14.2%
2019 US Open R64,W vs Londero,35,35,1.0,18.9%,18.9%,28,27,1.0,17.6%,17.0%,8.8%,8.8%,0.5,13.0%,23.8%
2019 US Open R128,W vs Carballes Baena,25,30,0.8,15.2%,18.3%,21,27,0.8,14.3%,18.4%,11.6%,2.7%,0.9,15.2%,16.5%
2019 Cincinnati Masters SF,L vs Medvedev,26,16,1.6,17.3%,10.7%,20,15,1.3,16.1%,12.1%,8.9%,6.5%,1.5,24.7%,16.0%
2019 Wimbledon F,W vs Federer,54,52,1.0,12.8%,12.3%,44,43,1.0,11.8%,11.6%,6.2%,4.6%,1.5,22.3%,14.7%
2019 Wimbledon SF,W vs Bautista Agut,42,29,1.4,19.0%,13.1%,33,26,1.3,16.3%,12.9%,11.9%,3.5%,1.1,15.4%,13.6%
2019 Wimbledon QF,W vs Goffin,24,17,1.4,15.1%,10.7%,21,14,1.5,14.6%,9.7%,8.3%,6.3%,1.2,17.6%,14.5%
2019 Wimbledon R16,W vs Humbert,25,14,1.8,16.6%,9.3%,22,13,1.7,15.8%,9.4%,8.6%,5.8%,0.6,13.2%,22.5%
2019 Wimbledon R32,W vs Hurkacz,45,39,1.2,16.9%,14.6%,36,31,1.2,15.7%,13.5%,10.4%,3.9%,1.2,18.0%,15.4%
2019 Wimbledon R64,W vs Kudla,37,18,2.1,24.8%,12.1%,24,16,1.5,18.9%,12.6%,8.7%,8.7%,1.0,14.8%,14.8%
2019 Wimbledon R128,W vs Kohlschreiber,37,19,1.9,21.0%,10.8%,25,16,1.6,16.8%,10.7%,9.4%,7.4%,0.8,12.5%,16.5%
2019 Roland Garros SF,L vs Thiem,33,49,0.7,10.1%,15.0%,33,49,0.7,10.7%,15.9%,,,0.9,14.7%,17.2%
2019 Roland Garros QF,W vs Zverev,23,14,1.6,13.5%,8.2%,23,14,1.6,15.6%,9.5%,,,0.8,14.7%,18.8%
2019 Roland Garros R16,W vs Struff,25,9,2.8,18.0%,6.5%,25,9,2.8,20.3%,7.3%,,,1.0,11.5%,11.5%
2019 Roland Garros R32,W vs Caruso,17,32,0.5,10.9%,20.5%,17,32,0.5,11.6%,21.9%,,,0.6,9.6%,17.3%
2019 Roland Garros R64,W vs Laaksonen,17,22,0.8,11.5%,14.9%,17,22,0.8,12.6%,16.3%,,,0.5,12.2%,23.0%
2019 Roland Garros R128,W vs Hurkacz,21,13,1.6,15.3%,9.5%,21,13,1.6,17.5%,10.8%,,,0.6,9.5%,15.3%
2019 Rome Masters F,L vs Nadal,33,38,0.9,20.4%,23.5%,26,37,0.7,16.9%,24.0%,9.7%,7.1%,1.6,19.1%,11.7%
2019 Rome Masters SF,W vs Schwartzman,29,29,1.0,16.2%,16.2%,27,28,1.0,15.5%,16.1%,9.2%,5.2%,0.8,16.2%,20.1%
2019 Rome Masters QF,W vs del Potro,43,35,1.2,20.2%,16.4%,37,32,1.2,19.4%,16.8%,11.0%,8.4%,0.9,18.3%,20.2%
2019 Madrid Masters F,W vs Tsitsipas,28,16,1.8,24.3%,13.9%,26,16,1.6,23.4%,14.4%,14.4%,9.0%,1.0,16.5%,17.4%
2019 Madrid Masters SF,W vs Thiem,17,24,0.7,9.9%,14.0%,14,23,0.6,8.6%,14.1%,5.5%,2.5%,1.1,17.0%,15.8%
2019 Monte Carlo Masters QF,L vs Medvedev,26,41,0.6,15.0%,23.7%,22,38,0.6,13.7%,23.6%,8.7%,4.3%,1.1,15.0%,13.9%
2019 Indian Wells Masters R32,L vs Kohlschreiber,15,31,0.5,12.2%,25.2%,13,28,0.5,11.4%,24.6%,6.1%,5.3%,0.7,13.0%,19.5%
2019 Australian Open F,W vs Nadal,34,9,3.8,23.9%,6.3%,26,9,2.9,20.2%,7.0%,10.1%,9.3%,0.7,14.1%,19.7%
2019 Australian Open SF,W vs Pouille,23,7,3.3,18.1%,5.5%,17,7,2.4,14.9%,6.1%,9.6%,5.3%,0.6,14.2%,25.2%
2019 Australian Open QF,W vs Nishikori,14,11,1.3,18.4%,14.5%,12,10,1.2,17.1%,14.3%,8.6%,7.1%,0.2,6.6%,31.6%
2019 Australian Open R16,W vs Medvedev,42,53,0.8,15.7%,19.8%,36,48,0.8,15.5%,20.6%,11.6%,3.9%,0.7,13.8%,19.4%
2019 Australian Open R32,W vs Shapovalov,16,33,0.5,8.2%,16.8%,11,29,0.4,6.3%,16.5%,4.0%,2.3%,0.4,10.7%,30.1%
2019 Doha SF,L vs Bautista Agut,44,45,1.0,21.8%,22.3%,35,42,0.8,19.1%,23.0%,11.5%,7.1%,1.2,13.9%,11.4%
2019 Doha QF,W vs Basilashvili,15,21,0.7,8.9%,12.5%,8,18,0.4,5.3%,11.9%,3.3%,0.7%,0.6,15.5%,24.4%
2018 Tour Finals F,L vs Zverev,8,23,0.3,7.8%,22.3%,7,22,0.3,8.0%,25.0%,5.7%,1.1%,1.2,19.4%,16.5%
2018 Tour Finals SF,W vs Anderson,17,13,1.3,17.2%,13.1%,12,12,1.0,13.8%,13.8%,10.3%,2.3%,0.4,10.1%,27.3%
2018 Tour Finals RR,W vs Isner,22,6,3.7,20.4%,5.6%,16,5,3.2,18.6%,5.8%,11.6%,7.0%,0.9,21.3%,25.0%
2018 Tour Finals RR,W vs Zverev,11,13,0.8,10.8%,12.7%,10,10,1.0,11.5%,11.5%,9.2%,2.3%,0.6,19.6%,31.4%
2018 Paris Masters F,L vs Khachanov,18,22,0.8,13.1%,16.1%,13,21,0.6,10.8%,17.5%,7.5%,3.3%,1.3,22.6%,17.5%
2018 Paris Masters SF,W vs Federer,31,30,1.0,12.3%,11.9%,24,30,0.8,10.6%,13.2%,6.6%,2.2%,1.2,21.0%,18.3%
2018 Shanghai Masters F,W vs Coric,17,16,1.1,13.7%,12.9%,10,16,0.6,8.8%,14.2%,6.2%,2.7%,0.6,16.1%,25.8%
2018 Shanghai Masters SF,W vs Zverev,7,10,0.7,8.8%,12.5%,7,9,0.8,9.5%,12.2%,6.8%,1.4%,0.4,8.8%,23.8%
2018 US Open F,W vs del Potro,32,38,0.8,15.5%,18.4%,31,36,0.9,15.7%,18.3%,12.7%,2.5%,0.7,15.0%,22.7%
2018 US Open SF,W vs Nishikori,17,29,0.6,9.5%,16.2%,14,27,0.5,8.2%,15.9%,6.5%,1.8%,0.4,12.3%,28.5%
2018 US Open QF,W vs Millman,30,53,0.6,14.9%,26.4%,29,49,0.6,15.3%,25.9%,9.5%,5.3%,0.5,11.9%,22.9%
2018 US Open R16,W vs Sousa,23,18,1.3,14.8%,11.6%,14,17,0.8,10.3%,12.5%,5.9%,4.4%,0.8,13.5%,18.1%
2018 US Open R32,W vs Gasquet,32,25,1.3,17.8%,13.9%,29,23,1.3,18.0%,14.3%,10.6%,7.5%,0.5,13.9%,26.1%
2018 US Open R64,W vs Sandgren,31,30,1.0,12.8%,12.3%,25,27,0.9,11.4%,12.3%,7.3%,3.7%,0.9,18.1%,21.0%
2018 US Open R128,W vs Fucsovics,30,32,0.9,14.2%,15.2%,26,29,0.9,13.3%,14.8%,7.7%,5.6%,0.8,15.6%,19.0%
2018 Cincinnati Masters F,W vs Federer,11,18,0.6,8.5%,13.8%,7,16,0.4,6.4%,14.7%,4.6%,1.8%,0.6,16.9%,29.2%
2018 Cincinnati Masters SF,W vs Cilic,24,21,1.1,12.9%,11.3%,17,17,1.0,10.7%,10.7%,8.8%,1.9%,1.0,21.5%,21.0%
2018 Canada Masters R16,L vs Tsitsipas,32,31,1.0,16.9%,16.4%,21,27,0.8,13.0%,16.8%,7.5%,4.3%,1.6,22.2%,14.3%
2018 Wimbledon F,W vs Anderson,20,13,1.5,11.5%,7.5%,14,9,1.6,9.4%,6.0%,6.0%,2.0%,0.8,14.9%,18.4%
2018 Wimbledon SF,W vs Nadal,73,42,1.7,18.9%,10.9%,50,38,1.3,14.5%,11.0%,8.4%,4.9%,1.7,18.9%,10.9%
2018 Wimbledon QF,W vs Nishikori,40,21,1.9,19.2%,10.1%,34,18,1.9,17.4%,9.2%,8.2%,7.7%,0.9,13.9%,16.3%
2018 Wimbledon R16,W vs Khachanov,29,12,2.4,19.5%,8.1%,27,11,2.5,19.1%,7.8%,15.6%,3.5%,0.9,12.8%,14.8%
2018 Wimbledon R32,W vs Edmund,41,15,2.7,17.2%,6.3%,23,13,1.8,11.3%,6.4%,6.9%,3.9%,1.4,18.8%,13.4%
2018 Wimbledon R64,W vs Zeballos,31,4,7.8,21.8%,2.8%,16,4,4.0,13.9%,3.5%,7.0%,7.0%,0.8,14.8%,19.7%
2018 Wimbledon R128,W vs Sandgren,19,15,1.3,12.6%,9.9%,19,13,1.5,13.6%,9.3%,7.9%,5.7%,0.5,11.3%,23.2%
2018 Queen's Club F,L vs Cilic,22,25,0.9,9.9%,11.3%,11,20,0.6,6.0%,10.9%,2.7%,3.3%,1.3,23.9%,18.0%
2018 Queen's Club QF,W vs Mannarino,16,19,0.8,13.6%,16.1%,10,17,0.6,9.6%,16.3%,6.7%,1.0%,0.5,11.0%,22.0%
2018 Queen's Club R16,W vs Dimitrov,10,12,0.8,10.0%,12.0%,7,8,0.9,8.8%,10.0%,2.5%,3.8%,0.6,17.0%,29.0%
2018 Roland Garros QF,L vs Cecchinato,33,39,0.8,11.6%,13.7%,33,39,0.8,12.4%,14.7%,,,1.3,16.9%,12.7%
2018 Roland Garros R16,W vs Verdasco,18,29,0.6,9.2%,14.9%,18,29,0.6,9.6%,15.5%,,,0.5,11.8%,23.6%
2018 Roland Garros R32,W vs Bautista Agut,41,40,1.0,14.6%,14.3%,41,40,1.0,15.6%,15.3%,,,0.9,13.9%,16.1%
2018 Roland Garros R64,W vs Munar,36,28,1.3,18.7%,14.5%,36,28,1.3,20.1%,15.6%,,,1.3,13.0%,10.4%
2018 Roland Garros R128,W vs Dutra Silva,31,35,0.9,16.7%,18.8%,31,35,0.9,18.2%,20.6%,,,0.6,9.1%,14.5%
2018 Rome Masters SF,L vs Nadal,27,24,1.1,21.1%,18.8%,23,24,1.0,19.0%,19.8%,9.9%,8.3%,1.4,18.0%,13.3%
2018 Monte Carlo Masters R16,L vs Thiem,20,41,0.5,9.6%,19.6%,17,39,0.4,8.9%,20.5%,5.3%,3.7%,1.0,17.7%,17.7%
2018 Monte Carlo Masters R32,W vs Coric,20,33,0.6,11.6%,19.2%,15,32,0.5,9.3%,19.8%,7.4%,1.9%,0.3,7.0%,25.0%
2018 Monte Carlo Masters R64,W vs Lajovic,20,16,1.3,24.7%,19.8%,18,14,1.3,23.7%,18.4%,10.5%,11.8%,0.2,4.9%,22.2%
2018 Australian Open R16,L vs Chung,34,48,0.7,12.8%,18.0%,34,48,0.7,13.5%,19.0%,,,1.3,17.3%,13.2%
2018 Australian Open R32,W vs Ramos,35,37,0.9,19.1%,20.2%,35,37,0.9,20.3%,21.5%,,,0.6,9.8%,17.5%
2018 Australian Open R64,W vs Monfils,26,29,0.9,11.3%,12.6%,26,29,0.9,13.3%,14.9%,,,0.6,12.6%,21.6%
2018 Australian Open R128,W vs Young,29,26,1.1,17.2%,15.4%,29,26,1.1,18.1%,16.3%,,,0.5,13.0%,25.4%
2017 Wimbledon QF,L vs Berdych,9,10,0.9,9.7%,10.8%,8,10,0.8,8.9%,11.1%,4.4%,3.3%,1.3,18.3%,14.0%
2017 Wimbledon R16,W vs Mannarino,36,24,1.5,18.5%,12.3%,32,22,1.5,17.2%,11.8%,8.6%,8.1%,0.9,11.8%,13.3%
2017 Wimbledon R32,W vs Gulbis,21,12,1.8,11.0%,6.3%,15,11,1.4,9.1%,6.7%,6.1%,3.0%,1.0,19.9%,19.4%
2017 Wimbledon R64,W vs Pavlasek,26,18,1.4,18.1%,12.5%,22,17,1.3,16.9%,13.1%,10.8%,6.2%,0.7,11.1%,15.3%
2017 Wimbledon R128,W vs Klizan,20,6,3.3,30.3%,9.1%,13,4,3.3,23.6%,7.3%,16.4%,5.5%,0.7,10.6%,15.2%
2017 Eastbourne F,W vs Monfils,13,18,0.7,10.7%,14.9%,12,17,0.7,10.7%,15.2%,7.1%,3.6%,0.8,15.7%,20.7%
2017 Eastbourne SF,W vs Medvedev,18,22,0.8,14.6%,17.9%,14,18,0.8,13.0%,16.7%,7.4%,4.6%,0.7,12.2%,17.1%
2017 Roland Garros QF,L vs Thiem,18,35,0.5,9.7%,18.8%,16,32,0.5,9.1%,18.2%,4.5%,2.8%,1.4,20.4%,15.1%
2017 Roland Garros R16,W vs Ramos,34,30,1.1,17.2%,15.2%,31,30,1.0,16.3%,15.8%,12.1%,3.7%,0.8,14.1%,18.7%
2017 Roland Garros R32,W vs Schwartzman,43,55,0.8,16.1%,20.6%,36,54,0.7,14.4%,21.6%,7.6%,6.8%,0.4,9.7%,21.7%
2017 Roland Garros R64,W vs Sousa,34,24,1.4,19.9%,14.0%,32,23,1.4,19.5%,14.0%,11.0%,6.1%,0.7,8.8%,12.9%
2017 Roland Garros R128,W vs Granollers,30,29,1.0,15.9%,15.3%,25,28,0.9,14.0%,15.7%,6.2%,7.9%,0.8,12.2%,14.8%
2017 Rome Masters F,L vs Zverev,11,26,0.4,9.8%,23.2%,10,23,0.4,10.1%,23.2%,8.1%,2.0%,1.0,14.3%,14.3%
2017 Rome Masters SF,W vs Thiem,15,9,1.7,18.8%,11.3%,13,9,1.4,16.9%,11.7%,9.1%,6.5%,0.4,11.3%,27.5%
2017 Madrid Masters SF,L vs Nadal,19,23,0.8,16.8%,20.4%,15,21,0.7,14.4%,20.2%,6.7%,6.7%,1.3,17.7%,13.3%
2017 Madrid Masters R32,W vs Almagro,25,22,1.1,14.0%,12.3%,18,20,0.9,11.5%,12.8%,9.6%,1.9%,0.7,17.3%,24.0%
2017 Monte Carlo Masters QF,L vs Goffin,39,44,0.9,18.6%,21.0%,35,40,0.9,17.8%,20.3%,10.2%,6.1%,0.8,14.3%,18.1%
2017 Monte Carlo Masters R16,W vs Carreno Busta,39,38,1.0,20.3%,19.8%,37,33,1.1,20.0%,17.8%,11.4%,7.6%,0.7,10.4%,15.1%
2017 Monte Carlo Masters R32,W vs Simon,24,46,0.5,13.6%,26.1%,22,45,0.5,12.8%,26.2%,8.7%,3.5%,0.6,11.9%,21.0%
2017 Indian Wells Masters R16,L vs Kyrgios,16,24,0.7,10.6%,15.9%,13,24,0.5,10.0%,18.5%,6.2%,3.8%,1.1,17.2%,15.9%
2017 Indian Wells Masters R32,W vs del Potro,35,23,1.5,21.2%,13.9%,31,22,1.4,21.5%,15.3%,9.7%,11.1%,1.3,18.2%,14.5%
2017 Acapulco QF,L vs Kyrgios,23,17,1.4,16.1%,11.9%,21,15,1.4,18.6%,13.3%,6.2%,10.6%,2.0,28.0%,14.0%
2017 Acapulco R16,W vs del Potro,33,30,1.1,18.5%,16.9%,26,29,0.9,15.9%,17.7%,11.0%,4.9%,1.6,20.2%,12.9%
2017 Australian Open R64,L vs Istomin,68,72,0.9,17.9%,19.0%,54,63,0.9,16.1%,18.8%,8.3%,7.1%,1.0,16.6%,16.1%
2017 Australian Open R128,W vs Verdasco,24,34,0.7,12.0%,17.0%,22,32,0.7,11.8%,17.2%,7.0%,3.8%,0.5,13.5%,28.0%
2017 Doha F,W vs Murray,35,28,1.3,18.1%,14.5%,33,25,1.3,18.8%,14.2%,13.6%,5.1%,0.8,15.0%,19.2%
2016 Tour Finals F,L vs Murray,12,35,0.3,10.0%,29.2%,11,35,0.3,9.7%,31.0%,6.2%,3.5%,0.5,9.2%,18.3%
2016 Tour Finals SF,W vs Nishikori,11,13,0.8,11.1%,13.1%,9,12,0.8,9.9%,13.2%,5.5%,2.2%,0.4,10.1%,25.3%
2016 Tour Finals RR,W vs Raonic,12,25,0.5,7.1%,14.9%,10,23,0.4,6.8%,15.8%,4.1%,2.1%,0.9,25.6%,27.4%
2016 Tour Finals RR,W vs Thiem,20,18,1.1,11.4%,10.2%,17,18,0.9,10.2%,10.8%,6.0%,4.2%,0.7,15.3%,23.3%
2016 Tour Finals RR,W vs Goffin,7,21,0.3,6.7%,20.2%,4,17,0.2,4.4%,18.7%,4.4%,0.0%,0.3,11.5%,33.7%
2016 Shanghai Masters SF,L vs Bautista Agut,24,31,0.8,16.4%,21.2%,20,29,0.7,14.9%,21.6%,9.7%,5.2%,0.6,11.6%,20.5%
2016 US Open F,L vs Wawrinka,30,46,0.7,10.5%,16.0%,24,39,0.6,9.2%,14.9%,6.9%,1.9%,0.9,16.0%,17.8%
2016 US Open SF,W vs Monfils,26,27,1.0,12.0%,12.4%,25,20,1.3,13.4%,10.7%,9.1%,3.7%,0.7,16.6%,24.0%
2016 US Open QF,W vs Tsonga,18,12,1.5,16.7%,11.1%,17,9,1.9,17.5%,9.3%,9.3%,6.2%,0.3,10.2%,33.3%
2016 US Open R16,W vs Edmund,24,25,1.0,14.0%,14.6%,21,18,1.2,13.4%,11.5%,5.7%,7.6%,0.4,8.8%,21.1%
2016 US Open R32,W vs Youzhny,6,7,0.9,15.8%,18.4%,6,7,0.9,16.7%,19.4%,13.9%,2.8%,1.2,15.8%,13.2%
2016 US Open R128,W vs Janowicz,34,18,1.9,14.7%,7.8%,22,13,1.7,11.2%,6.6%,8.2%,3.1%,0.7,17.7%,25.5%
2016 Rio Olympics R64,L vs del Potro,25,33,0.8,14.5%,19.1%,16,31,0.5,10.1%,19.6%,6.3%,3.8%,1.5,23.1%,15.6%
2016 Canada Masters F,W vs Nishikori,15,20,0.8,12.8%,17.1%,11,20,0.6,10.3%,18.7%,3.7%,2.8%,0.5,12.8%,25.6%
2016 Canada Masters SF,W vs Monfils,11,15,0.7,10.8%,14.7%,10,10,1.0,10.8%,10.8%,6.5%,4.3%,0.5,11.8%,23.5%
2016 Wimbledon R32,L vs Querrey,34,31,1.1,11.1%,10.1%,27,29,0.9,10.2%,11.0%,5.7%,4.5%,1.1,18.3%,17.0%
2016 Wimbledon R64,W vs Mannarino,23,21,1.1,11.6%,10.6%,17,13,1.3,9.7%,7.4%,6.3%,2.3%,0.7,15.2%,21.2%
2016 Wimbledon R128,W vs Ward,29,21,1.4,15.1%,10.9%,22,20,1.1,13.0%,11.8%,9.5%,3.6%,0.9,13.0%,15.1%
2016 Roland Garros F,W vs Murray,41,37,1.1,18.7%,16.9%,37,34,1.1,18.1%,16.7%,11.8%,6.4%,0.6,10.5%,18.3%
2016 Roland Garros SF,W vs Thiem,15,15,1.0,9.6%,9.6%,13,14,0.9,8.8%,9.5%,4.7%,4.1%,0.8,17.3%,21.8%
2016 Roland Garros QF,W vs Berdych,30,22,1.4,18.5%,13.6%,30,21,1.4,19.5%,13.6%,10.4%,9.1%,0.9,14.8%,17.3%
2016 Roland Garros R16,W vs Bautista Agut,45,54,0.8,17.4%,20.9%,43,49,0.9,17.3%,19.8%,10.9%,6.5%,0.6,12.0%,19.0%
2016 Roland Garros R32,W vs Bedene,39,20,2.0,21.1%,10.8%,34,20,1.7,20.0%,11.8%,13.5%,6.5%,0.8,13.0%,16.8%
2016 Roland Garros R64,W vs Darcis,29,42,0.7,14.3%,20.7%,25,38,0.7,13.4%,20.3%,7.5%,4.8%,0.9,11.3%,12.3%
2016 Roland Garros R128,W vs Lu,35,22,1.6,23.6%,14.9%,34,21,1.6,24.3%,15.0%,13.6%,10.7%,0.5,8.8%,16.9%
2016 Rome Masters F,L vs Murray,21,23,0.9,18.3%,20.0%,16,22,0.7,15.4%,21.2%,6.7%,7.7%,1.6,21.7%,13.9%
2016 Rome Masters SF,W vs Nishikori,31,36,0.9,13.9%,16.1%,27,34,0.8,12.7%,16.0%,6.1%,6.1%,1.3,17.5%,13.5%
2016 Rome Masters QF,W vs Nadal,27,27,1.0,15.8%,15.8%,24,25,1.0,14.7%,15.3%,10.4%,4.3%,0.8,13.5%,17.0%
2016 Madrid Masters F,W vs Murray,27,29,0.9,17.2%,18.5%,27,26,1.0,19.0%,18.3%,12.0%,4.9%,0.7,14.6%,21.0%
2016 Madrid Masters SF,W vs Nishikori,22,22,1.0,13.8%,13.8%,16,20,0.8,10.8%,13.5%,6.1%,3.4%,1.1,18.9%,17.6%
2016 Madrid Masters QF,W vs Raonic,11,16,0.7,8.3%,12.0%,10,13,0.8,8.1%,10.6%,4.9%,2.4%,0.6,17.3%,27.8%
2016 Madrid Masters R32,W vs Coric,15,12,1.3,15.5%,12.4%,13,8,1.6,14.9%,9.2%,11.5%,3.4%,0.5,10.3%,22.7%
2016 Monte Carlo Masters R32,L vs Vesely,29,35,0.8,17.3%,20.8%,26,32,0.8,16.9%,20.8%,7.8%,8.4%,0.8,14.3%,19.0%
2016 Miami Masters F,W vs Nishikori,13,23,0.6,11.9%,21.1%,13,21,0.6,12.7%,20.6%,6.9%,5.9%,0.3,9.2%,26.6%
2016 Miami Masters SF,W vs Goffin,20,32,0.6,12.7%,20.4%,13,30,0.4,9.4%,21.7%,5.8%,2.9%,0.9,16.6%,19.1%
2016 Indian Wells Masters F,W vs Raonic,15,5,3.0,14.9%,5.0%,13,4,3.3,14.1%,4.3%,9.8%,4.3%,0.5,14.9%,27.7%
2016 Indian Wells Masters SF,W vs Nadal,24,27,0.9,15.7%,17.6%,22,24,0.9,15.1%,16.4%,9.6%,5.5%,0.4,7.8%,20.3%
2016 Australian Open F,W vs Murray,33,34,1.0,14.9%,15.3%,26,31,0.8,13.3%,15.9%,7.7%,4.1%,0.6,18.0%,27.9%
2016 Australian Open SF,W vs Federer,33,20,1.7,16.8%,10.2%,23,19,1.2,12.8%,10.6%,6.1%,5.6%,0.7,17.3%,25.9%
2016 Australian Open QF,W vs Nishikori,22,27,0.8,12.7%,15.6%,16,25,0.6,10.5%,16.4%,4.6%,3.9%,0.6,17.9%,31.2%
2016 Australian Open R16,W vs Simon,62,100,0.6,16.8%,27.1%,53,99,0.5,15.0%,28.0%,9.6%,4.2%,0.5,8.7%,18.4%
2016 Australian Open R32,W vs Seppi,34,37,0.9,17.1%,18.6%,25,35,0.7,13.7%,19.1%,9.3%,2.7%,0.8,14.6%,19.1%
2016 Australian Open R64,W vs Halys,42,14,3.0,25.6%,8.5%,33,14,2.4,23.6%,10.0%,15.0%,8.6%,1.0,20.1%,20.7%
2016 Australian Open R128,W vs Chung,40,27,1.5,25.3%,17.1%,30,24,1.3,21.7%,17.4%,16.7%,4.3%,0.6,10.1%,18.4%
2016 Doha F,W vs Nadal,29,13,2.2,33.3%,14.9%,25,12,2.1,32.1%,15.4%,28.2%,3.8%,0.8,10.3%,12.6%
2016 Doha SF,W vs Berdych,16,22,0.7,13.0%,17.9%,13,21,0.6,11.3%,18.3%,7.0%,4.3%,0.5,12.2%,24.4%
2016 Doha QF,W vs Mayer,17,11,1.5,14.2%,9.2%,15,11,1.4,13.6%,10.0%,10.0%,3.6%,0.8,16.7%,20.0%
2016 Doha R32,W vs Brown,10,9,1.1,10.8%,9.7%,8,9,0.9,9.3%,10.5%,5.8%,3.5%,0.5,11.8%,23.7%
2015 Tour Finals F,W vs Federer,15,14,1.1,13.0%,12.2%,11,14,0.8,10.7%,13.6%,5.8%,2.9%,0.7,16.5%,25.2%
2015 Tour Finals SF,W vs Nadal,27,17,1.6,27.3%,17.2%,23,16,1.4,25.3%,17.6%,12.1%,11.0%,0.7,10.1%,15.2%
2015 Tour Finals RR,L vs Federer,12,27,0.4,10.1%,22.7%,10,26,0.4,9.3%,24.1%,4.6%,4.6%,0.8,16.0%,21.0%
2015 Tour Finals RR,W vs Berdych,16,17,0.9,12.6%,13.4%,15,17,0.9,12.8%,14.5%,6.0%,2.6%,0.8,20.5%,24.4%
2015 Tour Finals RR,W vs Nishikori,16,14,1.1,17.4%,15.2%,10,13,0.8,12.7%,16.5%,5.1%,7.6%,0.4,10.9%,28.3%
2015 Paris Masters F,W vs Murray,10,11,0.9,8.7%,9.6%,8,11,0.7,7.5%,10.3%,6.5%,0.9%,0.5,16.5%,30.4%
2015 Paris Masters SF,W vs Wawrinka,25,24,1.0,16.4%,15.8%,21,24,0.9,15.0%,17.1%,9.3%,5.0%,0.7,17.1%,25.0%
2015 Paris Masters QF,W vs Berdych,18,22,0.8,10.7%,13.0%,14,20,0.7,9.0%,12.9%,5.8%,1.9%,0.9,20.7%,23.1%
2015 Paris Masters R16,W vs Simon,19,27,0.7,15.1%,21.4%,17,24,0.7,14.2%,20.0%,11.7%,1.7%,0.4,7.9%,19.8%
2015 Paris Masters R32,W vs Bellucci,25,17,1.5,18.9%,12.9%,23,16,1.4,18.1%,12.6%,15.0%,3.1%,0.6,9.8%,17.4%
2015 Shanghai Masters F,W vs Tsonga,18,9,2.0,16.4%,8.2%,16,9,1.8,15.8%,8.9%,10.9%,4.0%,0.6,15.5%,25.5%
2015 Shanghai Masters SF,W vs Murray,18,5,3.6,20.9%,5.8%,13,5,2.6,17.3%,6.7%,5.3%,10.7%,0.4,10.5%,26.7%
2015 Shanghai Masters QF,W vs Tomic,27,19,1.4,18.8%,13.2%,17,18,0.9,13.7%,14.5%,9.7%,4.0%,0.8,17.4%,22.9%
2015 Shanghai Masters R16,W vs Lopez,22,13,1.7,19.3%,11.4%,17,13,1.3,16.3%,12.5%,5.8%,9.6%,0.7,13.2%,19.3%
2015 Shanghai Masters R32,W vs Klizan,12,17,0.7,12.5%,17.7%,8,17,0.5,9.6%,20.5%,4.8%,1.2%,0.3,10.4%,30.2%
2015 Beijing F,W vs Nadal,23,17,1.4,21.9%,16.2%,16,17,0.9,16.5%,17.5%,9.3%,7.2%,0.3,6.7%,20.0%
2015 Beijing SF,W vs Ferrer,14,24,0.6,13.2%,22.6%,13,22,0.6,13.1%,22.2%,8.1%,4.0%,0.3,7.5%,28.3%
2015 Beijing QF,W vs Isner,11,9,1.2,12.9%,10.6%,9,9,1.0,11.3%,11.3%,6.3%,5.0%,0.5,10.6%,22.4%
2015 Beijing R16,W vs Zhang,27,17,1.6,31.0%,19.5%,24,15,1.6,30.8%,19.2%,14.1%,7.7%,0.6,9.2%,16.1%
2015 Beijing R32,W vs Bolelli,22,15,1.5,21.4%,14.6%,16,15,1.1,17.2%,16.1%,6.5%,6.5%,0.5,11.7%,23.3%
2015 US Open F,W vs Federer,35,37,0.9,12.0%,12.7%,32,32,1.0,11.9%,11.9%,6.3%,4.5%,1.0,19.2%,18.5%
2015 US Open SF,W vs Cilic,16,13,1.2,13.1%,10.7%,13,12,1.1,11.9%,11.0%,5.5%,4.6%,0.3,9.0%,30.3%
2015 US Open QF,W vs Lopez,36,17,2.1,15.5%,7.3%,27,17,1.6,13.2%,8.3%,7.4%,5.9%,0.8,15.5%,20.6%
2015 US Open R16,W vs Bautista Agut,42,37,1.1,17.5%,15.4%,34,35,1.0,15.1%,15.6%,10.7%,3.1%,1.2,14.2%,11.7%
2015 US Open R32,W vs Seppi,37,31,1.2,18.5%,15.5%,26,28,0.9,14.6%,15.7%,9.6%,3.4%,1.1,19.0%,17.0%
2015 US Open R64,W vs Haider Maurer,27,19,1.4,20.3%,14.3%,21,17,1.2,18.1%,14.7%,12.1%,6.0%,0.2,5.3%,24.8%
2015 US Open R128,W vs Souza,24,7,3.4,22.0%,6.4%,16,7,2.3,16.7%,7.3%,9.4%,6.3%,0.4,9.2%,24.8%
2015 Cincinnati Masters F,L vs Federer,17,23,0.7,12.1%,16.4%,12,19,0.6,9.8%,15.6%,6.6%,3.3%,1.6,22.1%,13.6%
2015 Cincinnati Masters SF,W vs Dolgopolov,14,38,0.4,7.3%,19.9%,6,32,0.2,3.6%,19.4%,2.4%,1.2%,0.6,18.8%,31.9%
2015 Canada Masters F,L vs Murray,35,40,0.9,15.2%,17.4%,30,38,0.8,14.3%,18.1%,10.0%,3.8%,0.8,16.5%,20.0%
2015 Canada Masters SF,W vs Chardy,10,13,0.8,8.5%,11.0%,6,11,0.5,5.6%,10.3%,3.7%,1.9%,0.6,13.6%,23.7%
2015 Canada Masters QF,W vs Gulbis,24,35,0.7,12.6%,18.4%,14,30,0.5,8.8%,18.9%,5.7%,2.5%,0.5,13.7%,26.8%
2015 Canada Masters R16,W vs Sock,19,10,1.9,21.8%,11.5%,16,10,1.6,19.5%,12.2%,11.0%,7.3%,0.3,6.9%,24.1%
2015 Canada Masters R32,W vs Bellucci,26,32,0.8,16.3%,20.0%,24,31,0.8,15.8%,20.4%,9.9%,3.3%,0.6,9.4%,16.3%
2015 Wimbledon F,W vs Federer,46,16,2.9,16.1%,5.6%,33,15,2.2,12.9%,5.9%,8.2%,3.1%,1.7,20.3%,12.2%
2015 Wimbledon SF,W vs Gasquet,46,22,2.1,21.8%,10.4%,34,20,1.7,18.4%,10.8%,9.2%,9.2%,1.9,17.1%,9.0%
2015 Wimbledon QF,W vs Cilic,27,12,2.3,16.5%,7.3%,23,11,2.1,15.2%,7.3%,9.3%,5.3%,1.5,18.3%,12.2%
2015 Wimbledon R16,W vs Anderson,43,19,2.3,12.7%,5.6%,30,15,2.0,11.0%,5.5%,6.2%,4.4%,1.7,21.0%,12.1%
2015 Wimbledon R32,W vs Tomic,38,12,3.2,23.3%,7.4%,23,11,2.1,16.9%,8.1%,10.3%,6.6%,1.1,15.3%,13.5%
2015 Wimbledon R64,W vs Nieminen,38,13,2.9,23.8%,8.1%,30,12,2.5,20.4%,8.2%,14.3%,5.4%,0.8,9.4%,11.3%
2015 Wimbledon R128,W vs Kohlschreiber,36,21,1.7,19.3%,11.2%,24,20,1.2,14.6%,12.2%,6.1%,8.5%,1.1,13.4%,11.8%
2015 Roland Garros F,L vs Wawrinka,30,41,0.7,11.8%,16.1%,24,41,0.6,10.2%,17.4%,3.8%,5.9%,1.3,23.6%,17.7%
2015 Roland Garros SF,W vs Murray,56,48,1.2,19.3%,16.6%,48,46,1.0,18.0%,17.2%,13.1%,4.5%,0.8,12.4%,16.6%
2015 Roland Garros QF,W vs Nadal,45,30,1.5,26.0%,17.3%,42,30,1.4,25.5%,18.2%,17.0%,8.5%,0.5,9.2%,17.3%
2015 Roland Garros R16,W vs Gasquet,47,25,1.9,27.0%,14.4%,43,25,1.7,26.1%,15.2%,10.3%,15.8%,0.8,14.9%,17.8%
2015 Roland Garros R32,W vs Kokkinakis,34,12,2.8,21.7%,7.6%,30,12,2.5,21.1%,8.5%,14.1%,6.3%,1.0,17.2%,17.8%
2015 Roland Garros R64,W vs Muller,35,18,1.9,22.2%,11.4%,32,17,1.9,22.2%,11.8%,12.5%,9.0%,0.9,14.6%,16.5%
2015 Roland Garros R128,W vs Nieminen,40,31,1.3,22.1%,17.1%,34,30,1.1,19.8%,17.4%,12.8%,5.8%,1.2,12.2%,9.9%
2015 Rome Masters F,W vs Federer,18,9,2.0,15.7%,7.8%,13,8,1.6,12.9%,7.9%,8.9%,4.0%,0.9,20.9%,24.3%
2015 Rome Masters SF,W vs Ferrer,26,22,1.2,21.0%,17.7%,22,22,1.0,18.6%,18.6%,15.3%,3.4%,1.0,12.9%,12.9%
2015 Rome Masters QF,W vs Nishikori,19,25,0.8,12.8%,16.9%,16,23,0.7,11.8%,16.9%,7.4%,2.2%,0.6,12.8%,22.3%
2015 Monte Carlo Masters F,W vs Berdych,23,45,0.5,11.0%,21.4%,20,40,0.5,10.0%,19.9%,6.0%,4.0%,0.5,13.8%,25.7%
2015 Monte Carlo Masters SF,W vs Nadal,23,20,1.2,18.7%,16.3%,22,20,1.1,18.8%,17.1%,12.8%,6.0%,0.8,16.3%,20.3%
2015 Miami Masters F,W vs Murray,28,37,0.8,14.1%,18.7%,24,33,0.7,13.4%,18.4%,9.5%,3.9%,0.7,15.7%,22.7%
2015 Miami Masters SF,W vs Isner,25,8,3.1,17.9%,5.7%,15,7,2.1,12.6%,5.9%,5.0%,6.7%,0.9,20.7%,22.9%
2015 Indian Wells Masters F,W vs Federer,29,32,0.9,14.6%,16.1%,21,27,0.8,11.9%,15.3%,7.3%,2.8%,0.7,15.6%,22.1%
2015 Indian Wells Masters SF,W vs Murray,14,21,0.7,12.7%,19.1%,13,19,0.7,12.9%,18.8%,8.9%,4.0%,0.2,6.4%,26.4%
2015 Indian Wells Masters R32,W vs Ramos,17,29,0.6,14.2%,24.2%,16,26,0.6,14.5%,23.6%,11.8%,2.7%,0.2,5.0%,21.7%
2015 Dubai F,L vs Federer,19,16,1.2,13.5%,11.3%,18,14,1.3,14.3%,11.1%,8.7%,4.0%,1.2,24.1%,19.9%
2015 Dubai QF,W vs Ilhan,13,11,1.2,15.7%,13.3%,6,10,0.6,8.5%,14.1%,8.5%,0.0%,0.2,4.8%,31.3%
2015 Australian Open F,W vs Murray,53,40,1.3,20.9%,15.7%,45,39,1.2,19.4%,16.8%,12.1%,6.0%,0.8,16.1%,19.3%
2015 Australian Open SF,W vs Wawrinka,27,49,0.6,9.2%,16.7%,22,46,0.5,8.1%,17.0%,6.3%,1.5%,0.6,14.3%,23.5%
2015 Australian Open QF,W vs Raonic,33,17,1.9,18.6%,9.6%,25,15,1.7,16.7%,10.0%,11.3%,4.0%,0.9,19.2%,20.3%
2015 Australian Open R16,W vs Muller,47,16,2.9,23.9%,8.1%,34,12,2.8,19.7%,6.9%,11.6%,6.4%,1.2,18.8%,16.2%
2015 Australian Open R32,W vs Verdasco,43,24,1.8,20.1%,11.2%,32,24,1.3,17.6%,13.2%,12.1%,3.3%,0.8,17.8%,23.4%
2015 Australian Open R64,W vs Kuznetsov,28,19,1.5,20.4%,13.9%,20,17,1.2,16.4%,13.9%,13.1%,2.5%,0.3,7.3%,24.8%
2015 Australian Open R128,W vs Bedene,30,29,1.0,17.9%,17.3%,22,26,0.8,15.5%,18.3%,10.6%,4.2%,0.6,13.1%,21.4%
2015 Doha R32,W vs Lajovic,25,20,1.3,26.9%,21.5%,22,18,1.2,25.6%,20.9%,20.9%,4.7%,0.4,8.6%,19.4%
2014 Tour Finals SF,W vs Nishikori,14,10,1.4,11.2%,8.0%,11,8,1.4,9.9%,7.2%,6.3%,2.7%,0.6,13.6%,24.0%
2014 Tour Finals RR,W vs Berdych,21,9,2.3,22.8%,9.8%,20,8,2.5,23.0%,9.2%,11.5%,4.6%,0.5,8.7%,18.5%
2014 Tour Finals RR,W vs Cilic,13,13,1.0,15.7%,15.7%,9,12,0.8,12.0%,16.0%,8.0%,4.0%,0.3,8.4%,30.1%
2014 Paris Masters F,W vs Raonic,16,10,1.6,14.3%,8.9%,12,10,1.2,12.4%,10.3%,7.2%,4.1%,1.0,25.0%,25.0%
2014 Paris Masters SF,W vs Nishikori,17,15,1.1,17.7%,15.6%,9,15,0.6,10.8%,18.1%,6.0%,4.8%,0.4,8.3%,20.8%
2014 Paris Masters QF,W vs Murray,12,23,0.5,9.8%,18.9%,11,22,0.5,9.9%,19.8%,6.3%,3.6%,0.6,16.4%,27.0%
2014 Paris Masters R16,W vs Monfils,19,16,1.2,14.6%,12.3%,17,11,1.5,15.9%,10.3%,12.1%,1.9%,0.9,22.3%,24.6%
2014 Shanghai Masters SF,L vs Federer,32,25,1.3,21.5%,16.8%,27,25,1.1,19.9%,18.4%,11.0%,6.6%,1.8,22.1%,12.1%
2014 Shanghai Masters R32,W vs Thiem,17,11,1.5,13.3%,8.6%,10,10,1.0,8.9%,8.9%,7.1%,0.9%,1.0,20.3%,19.5%
2014 Beijing F,W vs Berdych,16,13,1.2,18.4%,14.9%,12,12,1.0,15.2%,15.2%,5.1%,8.9%,0.4,9.2%,21.8%
2014 Beijing SF,W vs Murray,19,23,0.8,15.8%,19.2%,15,23,0.7,13.6%,20.9%,9.1%,4.5%,0.3,5.8%,23.3%
2014 US Open SF,L vs Nishikori,38,35,1.1,16.0%,14.8%,25,31,0.8,11.8%,14.7%,7.1%,2.8%,1.1,15.6%,14.3%
2014 US Open QF,W vs Murray,46,48,1.0,16.1%,16.8%,38,45,0.8,14.6%,17.2%,8.8%,3.1%,0.7,16.5%,22.8%
2014 US Open R16,W vs Kohlschreiber,34,19,1.8,20.0%,11.2%,28,19,1.5,18.1%,12.3%,11.6%,6.5%,0.8,15.9%,21.2%
2014 US Open R32,W vs Querrey,25,19,1.3,17.1%,13.0%,20,18,1.1,15.4%,13.8%,8.5%,6.2%,0.5,12.3%,22.6%
2014 US Open R64,W vs Mathieu,33,16,2.1,24.6%,11.9%,20,16,1.3,18.2%,14.5%,10.0%,8.2%,0.5,11.9%,23.1%
2014 US Open R128,W vs Schwartzman,24,27,0.9,16.4%,18.5%,17,24,0.7,13.0%,18.3%,9.9%,1.5%,0.4,6.8%,16.4%
2014 Canada Masters R16,L vs Tsonga,11,19,0.6,11.2%,19.4%,9,18,0.5,10.6%,21.2%,7.1%,1.2%,1.3,22.4%,17.3%
2014 Wimbledon F,W vs Federer,68,27,2.5,18.6%,7.4%,55,24,2.3,17.4%,7.6%,9.2%,6.6%,2.6,20.5%,7.9%
2014 Wimbledon SF,W vs Dimitrov,45,26,1.7,16.3%,9.4%,28,24,1.2,12.0%,10.3%,8.1%,3.0%,1.5,17.4%,12.0%
2014 Wimbledon QF,W vs Cilic,32,32,1.0,11.0%,11.0%,22,29,0.8,8.4%,11.0%,3.8%,3.8%,0.9,14.4%,16.4%
2014 Wimbledon R16,W vs Tsonga,44,11,4.0,23.8%,5.9%,30,11,2.7,20.0%,7.3%,8.7%,8.0%,3.1,20.0%,6.5%
2014 Wimbledon R32,W vs Simon,31,23,1.3,16.9%,12.6%,24,21,1.1,14.4%,12.6%,9.0%,5.4%,0.8,12.6%,15.3%
2014 Wimbledon R64,W vs Stepanek,54,24,2.3,18.8%,8.3%,36,22,1.6,14.0%,8.6%,6.6%,6.6%,1.9,17.7%,9.4%
2014 Wimbledon R128,W vs Golubev,34,14,2.4,22.8%,9.4%,27,14,1.9,19.6%,10.1%,10.1%,8.0%,0.7,10.1%,14.8%
2014 Roland Garros F,L vs Nadal,43,49,0.9,17.5%,19.9%,32,46,0.7,14.2%,20.4%,9.3%,4.9%,1.2,17.9%,15.4%
2014 Roland Garros SF,W vs Gulbis,30,25,1.2,13.9%,11.6%,21,24,0.9,11.2%,12.8%,6.9%,3.2%,0.9,18.5%,20.4%
2014 Roland Garros QF,W vs Raonic,37,19,1.9,17.5%,9.0%,33,18,1.8,18.1%,9.9%,9.9%,7.7%,1.2,23.1%,18.9%
2014 Roland Garros R16,W vs Tsonga,18,18,1.0,13.1%,13.1%,17,17,1.0,13.3%,13.3%,8.6%,4.7%,0.4,11.7%,27.7%
2014 Roland Garros R32,W vs Cilic,33,37,0.9,12.0%,13.5%,28,34,0.8,10.9%,13.2%,6.2%,4.3%,0.7,15.3%,23.3%
2014 Roland Garros R64,W vs Chardy,31,16,1.9,21.4%,11.0%,29,15,1.9,21.3%,11.0%,12.5%,8.8%,0.5,13.1%,24.1%
2014 Roland Garros R128,W vs Sousa,40,33,1.2,23.5%,19.4%,31,30,1.0,19.9%,19.2%,10.9%,8.3%,0.7,9.4%,13.5%
2014 Rome Masters F,W vs Nadal,44,27,1.6,26.7%,16.4%,37,27,1.4,23.7%,17.3%,15.4%,8.3%,0.8,9.1%,12.1%
2014 Rome Masters SF,W vs Raonic,29,22,1.3,12.3%,9.4%,26,21,1.2,12.3%,10.0%,5.2%,7.1%,0.8,20.0%,24.7%
2014 Monte Carlo Masters SF,L vs Federer,15,26,0.6,12.9%,22.4%,13,25,0.5,11.9%,22.9%,10.1%,0.9%,0.9,15.5%,18.1%
2014 Miami Masters F,W vs Nadal,20,11,1.8,19.8%,10.9%,16,11,1.5,17.0%,11.7%,9.6%,7.4%,0.8,13.9%,17.8%
2014 Miami Masters QF,W vs Murray,18,18,1.0,14.3%,14.3%,12,15,0.8,10.8%,13.5%,7.2%,3.6%,0.6,12.7%,23.0%
2014 Indian Wells Masters F,W vs Federer,28,36,0.8,14.2%,18.3%,22,31,0.7,12.5%,17.6%,8.5%,1.7%,0.9,16.8%,19.3%
2014 Indian Wells Masters SF,W vs Isner,34,27,1.3,16.7%,13.2%,27,25,1.1,14.6%,13.5%,5.4%,5.9%,0.6,16.2%,25.5%
2014 Dubai SF,L vs Federer,27,36,0.8,16.6%,22.1%,22,34,0.6,14.8%,22.8%,4.7%,6.0%,1.0,17.8%,17.2%
2014 Australian Open QF,L vs Wawrinka,45,60,0.8,14.3%,19.1%,38,59,0.6,13.4%,20.8%,,,0.9,16.2%,19.1%
2014 Australian Open R16,W vs Fognini,33,21,1.6,21.9%,13.9%,26,19,1.4,19.7%,14.4%,,,0.5,13.2%,29.1%
2014 Australian Open R32,W vs Istomin,31,23,1.3,18.9%,14.0%,25,22,1.1,16.6%,14.6%,,,0.5,8.5%,15.9%
2014 Australian Open R64,W vs Mayer,30,11,2.7,19.7%,7.2%,18,9,2.0,14.1%,7.0%,,,0.4,9.2%,25.7%
2014 Australian Open R128,W vs Lacko,40,30,1.3,23.4%,17.5%,30,30,1.0,19.4%,19.4%,,,0.6,9.9%,17.0%
2013 Davis Cup RR,W vs Berdych,29,21,1.4,15.2%,11.0%,17,20,0.9,10.1%,11.9%,7.1%,3.0%,0.9,19.4%,20.4%
2013 Tour Finals F,W vs Nadal,22,25,0.9,18.5%,21.0%,17,25,0.7,15.5%,22.7%,5.5%,6.4%,0.3,6.7%,25.2%
2013 Tour Finals SF,W vs Wawrinka,11,18,0.6,9.9%,16.2%,9,18,0.5,8.6%,17.1%,3.8%,4.8%,0.4,15.3%,36.0%
2013 Tour Finals RR,W vs Gasquet,29,41,0.7,15.0%,21.2%,23,38,0.6,13.5%,22.2%,8.2%,5.3%,0.9,14.0%,15.0%
2013 Tour Finals RR,W vs Federer,30,35,0.9,14.8%,17.2%,21,33,0.6,11.5%,18.1%,4.9%,4.9%,0.7,13.8%,21.2%
2013 Paris Masters F,W vs Ferrer,34,35,1.0,22.8%,23.5%,30,33,0.9,21.3%,23.4%,12.1%,8.5%,0.5,10.1%,19.5%
2013 Paris Masters SF,W vs Federer,23,32,0.7,12.7%,17.7%,16,27,0.6,10.0%,16.9%,7.5%,2.5%,0.7,12.2%,17.7%
2013 Paris Masters QF,W vs Wawrinka,20,19,1.1,17.7%,16.8%,18,19,0.9,17.0%,17.9%,9.4%,7.5%,0.6,12.4%,22.1%
2013 Paris Masters R16,W vs Isner,36,19,1.9,19.6%,10.3%,25,18,1.4,15.8%,11.4%,8.2%,7.6%,0.8,15.2%,18.5%
2013 Shanghai Masters F,W vs del Potro,47,28,1.7,24.9%,14.8%,37,28,1.3,21.6%,16.4%,11.7%,8.8%,1.2,16.9%,14.3%
2013 Shanghai Masters SF,W vs Tsonga,20,19,1.1,15.2%,14.4%,15,17,0.9,12.7%,14.4%,6.8%,5.9%,0.7,15.9%,23.5%
2013 Shanghai Masters R32,W vs Granollers,24,16,1.5,26.1%,17.4%,18,14,1.3,22.5%,17.5%,10.0%,12.5%,0.3,7.6%,22.8%
2013 Beijing F,W vs Nadal,19,15,1.3,17.9%,14.2%,15,14,1.1,15.5%,14.4%,12.4%,3.1%,0.4,8.5%,22.6%
2013 US Open F,L vs Nadal,46,53,0.9,20.6%,23.8%,40,51,0.8,18.8%,23.9%,,,1.4,12.1%,9.0%
2013 US Open SF,W vs Wawrinka,38,46,0.8,11.5%,13.9%,29,40,0.7,9.6%,13.3%,,,0.8,17.2%,20.8%
2013 US Open QF,W vs Youzhny,32,45,0.7,15.8%,22.3%,27,44,0.6,14.2%,23.2%,,,0.5,7.4%,15.3%
2013 US Open R16,W vs Granollers,34,15,2.3,27.9%,12.3%,32,15,2.1,27.6%,12.9%,,,0.4,6.6%,16.4%
2013 US Open R32,W vs Sousa,34,26,1.3,23.0%,17.6%,31,24,1.3,22.5%,17.4%,,,0.4,6.8%,18.2%
2013 US Open R64,W vs Becker,40,26,1.5,22.9%,14.9%,27,24,1.1,18.0%,16.0%,,,0.5,10.9%,20.6%
2013 US Open R128,W vs Berankis,28,9,3.1,19.9%,6.4%,18,8,2.3,14.6%,6.5%,,,0.6,11.3%,19.1%
2013 Cincinnati Masters R16,W vs Goffin,14,5,2.8,17.3%,6.2%,9,3,3.0,13.0%,4.3%,8.7%,4.3%,0.5,12.3%,24.7%
2013 Canada Masters SF,L vs Nadal,25,40,0.6,13.0%,20.8%,17,33,0.5,10.1%,19.5%,5.9%,4.1%,0.7,10.9%,15.6%
2013 Canada Masters QF,W vs Gasquet,26,10,2.6,31.3%,12.0%,16,10,1.6,24.6%,15.4%,15.4%,9.2%,0.6,12.0%,20.5%
2013 Canada Masters R32,W vs Mayer,20,15,1.3,21.1%,15.8%,17,14,1.2,19.5%,16.1%,11.5%,8.0%,0.5,6.3%,11.6%
2013 Wimbledon F,L vs Murray,31,40,0.8,14.8%,19.0%,27,36,0.8,14.1%,18.8%,,,1.7,17.1%,10.0%
2013 Wimbledon SF,W vs del Potro,80,48,1.7,21.7%,13.0%,58,46,1.3,17.3%,13.7%,,,1.3,13.0%,10.1%
2013 Wimbledon QF,W vs Berdych,36,13,2.8,19.1%,6.9%,20,12,1.7,12.4%,7.5%,,,1.2,16.5%,13.3%
2013 Wimbledon R16,W vs Haas,40,16,2.5,20.4%,8.2%,27,13,2.1,15.5%,7.5%,,,1.0,12.8%,13.3%
2013 Wimbledon R32,W vs Chardy,38,3,12.7,25.9%,2.0%,30,2,15.0,23.4%,1.6%,,,1.3,12.2%,9.5%
2013 Wimbledon R64,W vs Reynolds,41,12,3.4,21.1%,6.2%,29,12,2.4,17.2%,7.1%,,,1.3,12.9%,9.8%
2013 Wimbledon R128,W vs Mayer,40,20,2.0,20.5%,10.3%,35,20,1.8,18.7%,10.7%,,,2.1,12.8%,6.2%
2013 Roland Garros SF,L vs Nadal,54,75,0.7,16.1%,22.4%,49,73,0.7,15.4%,22.9%,,,1.4,18.2%,13.1%
2013 Roland Garros QF,W vs Haas,0,1,0.0,0.0%,25.0%,0,1,0.0,0.0%,25.0%,,,,0.0%,0.0%
2013 Roland Garros R16,W vs Kohlschreiber,38,42,0.9,14.8%,16.3%,36,40,0.9,14.6%,16.3%,,,1.0,18.7%,18.7%
2013 Roland Garros R32,W vs Dimitrov,13,22,0.6,8.4%,14.2%,11,22,0.5,7.3%,14.6%,,,0.4,11.6%,31.0%
2013 Roland Garros R64,W vs Pella,29,26,1.1,19.2%,17.2%,28,24,1.2,19.6%,16.8%,,,0.3,6.6%,22.5%
2013 Roland Garros R128,W vs Goffin,26,31,0.8,12.2%,14.6%,21,31,0.7,10.6%,15.6%,,,0.8,15.0%,17.8%
2013 Monte Carlo Masters F,W vs Nadal,25,15,1.7,21.6%,12.9%,23,15,1.5,20.9%,13.6%,12.7%,8.2%,0.7,14.7%,20.7%
2013 Monte Carlo Masters SF,W vs Fognini,11,3,3.7,13.8%,3.8%,8,3,2.7,11.1%,4.2%,5.6%,5.6%,0.5,12.5%,23.8%
2013 Miami Masters R16,L vs Haas,9,34,0.3,8.1%,30.6%,7,33,0.2,6.5%,30.6%,3.7%,0.9%,0.8,14.4%,18.9%
2013 Miami Masters R32,W vs Devvarman,17,20,0.9,17.0%,20.0%,13,18,0.7,14.6%,20.2%,10.1%,4.5%,0.5,8.0%,16.0%
2013 Miami Masters R64,W vs Rosol,18,7,2.6,19.4%,7.5%,14,7,2.0,17.5%,8.8%,13.8%,3.8%,0.8,12.9%,16.1%
2013 Indian Wells Masters SF,L vs del Potro,34,41,0.8,16.9%,20.4%,29,39,0.7,15.5%,20.9%,10.2%,5.3%,0.6,11.4%,17.9%
2013 Indian Wells Masters R32,W vs Dimitrov,7,16,0.4,6.3%,14.4%,5,13,0.4,5.3%,13.7%,3.2%,2.1%,0.6,9.9%,16.2%
2013 Dubai F,W vs Berdych,21,31,0.7,15.6%,23.0%,15,29,0.5,12.6%,24.4%,7.6%,0.8%,0.5,14.8%,28.9%
2013 Dubai SF,W vs del Potro,31,31,1.0,20.3%,20.3%,21,30,0.7,15.6%,22.2%,10.4%,5.2%,0.8,15.7%,19.6%
2013 Dubai R16,W vs Bautista Agut,23,19,1.2,16.9%,14.0%,17,17,1.0,14.0%,14.0%,7.4%,6.6%,0.5,8.1%,17.6%
2013 Dubai R32,W vs Troicki,18,9,2.0,16.7%,8.3%,17,7,2.4,17.3%,7.1%,9.2%,8.2%,0.9,13.9%,15.7%
2013 Australian Open F,W vs Murray,47,61,0.8,17.7%,23.0%,39,58,0.7,16.1%,24.0%,,,0.6,10.9%,17.4%
2013 Australian Open SF,W vs Ferrer,30,16,1.9,23.8%,12.7%,24,16,1.5,20.7%,13.8%,,,0.3,8.7%,25.4%
2013 Australian Open QF,W vs Berdych,44,20,2.2,21.8%,9.9%,34,18,1.9,19.2%,10.2%,10.7%,8.5%,0.9,14.4%,15.3%
2013 Australian Open R16,W vs Wawrinka,55,60,0.9,13.5%,14.7%,48,55,0.9,12.7%,14.6%,6.3%,3.4%,1.0,18.1%,18.6%
2013 Australian Open R32,W vs Stepanek,37,19,1.9,19.3%,9.9%,30,18,1.7,16.9%,10.2%,,,0.7,13.5%,19.3%
2013 Australian Open R64,W vs Harrison,37,16,2.3,25.3%,11.0%,30,16,1.9,23.1%,12.3%,,,0.6,11.6%,19.2%
2013 Australian Open R128,W vs Mathieu,31,15,2.1,19.0%,9.2%,22,13,1.7,15.4%,9.1%,,,0.8,16.6%,19.6%
2012 Tour Finals F,W vs Federer,17,29,0.6,8.9%,15.2%,11,27,0.4,6.4%,15.6%,4.0%,2.3%,0.8,14.7%,18.8%
2012 Tour Finals SF,W vs del Potro,29,25,1.2,17.7%,15.2%,21,24,0.9,14.2%,16.2%,10.1%,4.1%,0.8,14.6%,19.5%
2012 Tour Finals RR,W vs Murray,20,33,0.6,11.0%,18.2%,16,33,0.5,9.5%,19.5%,6.5%,3.0%,0.7,13.8%,21.0%
2012 Paris Masters R32,L vs Querrey,29,25,1.2,18.2%,15.7%,24,22,1.1,17.9%,16.4%,9.0%,6.7%,1.3,20.1%,15.1%
2012 Shanghai Masters F,W vs Murray,33,36,0.9,14.2%,15.5%,30,32,0.9,13.8%,14.7%,8.7%,4.6%,0.6,12.9%,21.1%
2012 Shanghai Masters SF,W vs Berdych,22,21,1.0,18.8%,17.9%,17,18,0.9,16.5%,17.5%,10.7%,5.8%,0.6,11.1%,19.7%
2012 Shanghai Masters R32,W vs Dimitrov,15,14,1.1,17.2%,16.1%,9,14,0.6,11.7%,18.2%,9.1%,2.6%,0.3,6.9%,23.0%
2012 Beijing F,W vs Tsonga,16,21,0.8,11.5%,15.1%,16,19,0.8,12.8%,15.2%,8.0%,4.8%,0.7,16.5%,25.2%
2012 US Open F,L vs Murray,40,65,0.6,12.7%,20.6%,33,60,0.6,11.2%,20.4%,,,0.6,9.8%,17.8%
2012 US Open SF,W vs Ferrer,34,31,1.1,17.6%,16.1%,27,30,0.9,14.9%,16.6%,,,0.6,12.4%,20.2%
2012 US Open QF,W vs del Potro,43,28,1.5,20.8%,13.5%,36,26,1.4,19.3%,13.9%,,,0.8,12.1%,15.9%
2012 US Open R16,W vs Wawrinka,23,20,1.2,18.4%,16.0%,19,20,1.0,16.8%,17.7%,,,0.5,11.2%,23.2%
2012 US Open R32,W vs Benneteau,41,12,3.4,28.9%,8.5%,28,9,3.1,23.3%,7.5%,,,0.7,10.6%,15.5%
2012 US Open R64,W vs Dutra Silva,29,14,2.1,19.7%,9.5%,23,13,1.8,16.9%,9.6%,,,0.5,11.6%,24.5%
2012 US Open R128,W vs Lorenzi,32,12,2.7,28.1%,10.5%,25,12,2.1,24.8%,11.9%,,,0.4,8.8%,21.9%
2012 Cincinnati Masters F,L vs Federer,16,22,0.7,13.7%,18.8%,14,17,0.8,13.9%,16.8%,6.9%,2.0%,1.8,26.5%,14.5%
2012 Cincinnati Masters SF,W vs del Potro,13,19,0.7,11.9%,17.4%,7,18,0.4,7.2%,18.6%,5.2%,2.1%,0.4,9.2%,24.8%
2012 Canada Masters F,W vs Gasquet,16,9,1.8,18.2%,10.2%,11,9,1.2,13.9%,11.4%,8.9%,5.1%,0.4,10.2%,23.9%
2012 Canada Masters SF,W vs Tipsarevic,21,24,0.9,16.0%,18.3%,18,21,0.9,14.8%,17.2%,12.3%,2.5%,0.4,9.2%,23.7%
2012 London Olympics BR,L vs del Potro,28,21,1.3,21.1%,15.8%,18,21,0.9,15.3%,17.8%,11.9%,3.4%,1.1,14.3%,13.5%
2012 London Olympics SF,L vs Murray,25,16,1.6,16.4%,10.5%,22,15,1.5,15.5%,10.6%,10.6%,4.9%,1.7,17.1%,9.9%
2012 London Olympics QF,W vs Tsonga,17,18,0.9,13.2%,14.0%,13,18,0.7,10.8%,15.0%,8.3%,2.5%,0.5,11.6%,23.3%
2012 London Olympics R16,W vs Hewitt,41,27,1.5,25.2%,16.6%,25,24,1.0,18.1%,17.4%,10.9%,4.3%,1.0,16.0%,16.0%
2012 London Olympics R32,W vs Roddick,34,9,3.8,41.0%,10.8%,20,9,2.2,31.7%,14.3%,17.5%,14.3%,1.2,14.5%,12.0%
2012 London Olympics R64,W vs Fognini,29,31,0.9,16.5%,17.6%,19,30,0.6,12.0%,19.0%,7.0%,5.1%,0.6,10.8%,17.6%
2012 Wimbledon SF,L vs Federer,28,21,1.3,13.0%,9.7%,19,19,1.0,9.8%,9.8%,,,3.1,14.4%,4.6%
2012 Wimbledon QF,W vs Mayer,50,20,2.5,31.1%,12.4%,43,17,2.5,29.1%,11.5%,,,0.8,8.7%,10.6%
2012 Wimbledon R16,W vs Troicki,31,11,2.8,21.7%,7.7%,27,9,3.0,20.5%,6.8%,,,1.0,10.5%,10.5%
2012 Wimbledon R32,W vs Stepanek,55,14,3.9,23.2%,5.9%,43,13,3.3,20.0%,6.0%,,,1.7,13.1%,7.6%
2012 Wimbledon R64,W vs Harrison,31,15,2.1,17.9%,8.7%,23,14,1.6,15.1%,9.2%,,,2.1,17.3%,8.1%
2012 Wimbledon R128,W vs Ferrero,34,19,1.8,21.7%,12.1%,21,16,1.3,15.3%,11.7%,,,0.9,9.6%,10.2%
2012 Roland Garros F,L vs Nadal,39,53,0.7,16.2%,22.0%,36,49,0.7,15.9%,21.7%,,,1.2,14.1%,12.0%
2012 Roland Garros SF,W vs Federer,27,17,1.6,15.3%,9.6%,21,15,1.4,13.4%,9.6%,,,0.7,18.6%,26.0%
2012 Roland Garros QF,W vs Tsonga,44,34,1.3,13.5%,10.5%,37,32,1.2,12.1%,10.4%,,,0.7,12.3%,18.8%
2012 Roland Garros R16,W vs Seppi,45,77,0.6,12.9%,22.0%,40,75,0.5,12.0%,22.5%,,,0.5,12.3%,23.1%
2012 Roland Garros R32,W vs Devilder,34,28,1.2,23.0%,18.9%,31,28,1.1,22.5%,20.3%,,,0.6,6.8%,10.8%
2012 Roland Garros R64,W vs Kavcic,41,34,1.2,24.4%,20.2%,36,33,1.1,22.6%,20.8%,,,0.8,10.1%,12.5%
2012 Roland Garros R128,W vs Starace,39,19,2.1,21.1%,10.3%,33,19,1.7,18.9%,10.9%,,,0.9,13.5%,14.6%
2012 Rome Masters F,L vs Nadal,21,39,0.5,14.7%,27.3%,20,35,0.6,14.5%,25.4%,11.6%,2.9%,0.8,9.8%,12.6%
2012 Rome Masters SF,W vs Federer,13,17,0.8,9.9%,13.0%,12,16,0.8,9.8%,13.0%,7.3%,2.4%,0.6,16.8%,29.8%
2012 Rome Masters QF,W vs Tsonga,21,11,1.9,19.1%,10.0%,16,10,1.6,16.2%,10.1%,13.1%,3.0%,0.6,10.0%,17.3%
2012 Madrid Masters R32,W vs Gimeno Traver,19,23,0.8,12.2%,14.7%,12,19,0.6,8.7%,13.8%,3.6%,5.1%,0.8,14.7%,19.2%
2012 Monte Carlo Masters F,L vs Nadal,11,22,0.5,12.8%,25.6%,11,22,0.5,13.4%,26.8%,8.5%,4.9%,1.4,17.4%,12.8%
2012 Monte Carlo Masters SF,W vs Berdych,19,33,0.6,10.2%,17.7%,13,27,0.5,8.0%,16.6%,6.7%,1.2%,0.5,9.7%,19.4%
2012 Monte Carlo Masters R16,W vs Dolgopolov,19,24,0.8,12.3%,15.6%,14,22,0.6,9.9%,15.5%,7.7%,2.1%,1.0,13.0%,13.6%
2012 Monte Carlo Masters R32,W vs Seppi,14,22,0.6,10.9%,17.1%,9,21,0.4,7.3%,17.1%,5.7%,1.6%,0.6,9.3%,15.5%
2012 Miami Masters F,W vs Murray,16,36,0.4,10.3%,23.1%,11,35,0.3,7.7%,24.6%,4.9%,2.8%,0.4,9.0%,25.0%
2012 Miami Masters SF,W vs Monaco,17,32,0.5,12.6%,23.7%,16,28,0.6,12.6%,22.0%,6.3%,4.7%,0.2,5.9%,27.4%
2012 Miami Masters QF,W vs Ferrer,17,24,0.7,15.9%,22.4%,13,23,0.6,13.3%,23.5%,10.2%,3.1%,0.4,10.3%,24.3%
2012 Indian Wells Masters SF,L vs Isner,35,17,2.1,15.7%,7.6%,27,15,1.8,14.0%,7.8%,7.3%,5.2%,1.4,22.9%,16.1%
2012 Indian Wells Masters QF,W vs Almagro,12,11,1.1,10.4%,9.6%,7,11,0.6,6.7%,10.6%,2.9%,3.8%,0.5,9.6%,19.1%
2012 Dubai SF,L vs Murray,13,23,0.6,12.3%,21.7%,11,23,0.5,11.5%,24.0%,6.3%,5.2%,0.9,13.2%,15.1%
2012 Australian Open F,W vs Nadal,57,64,0.9,15.6%,17.5%,48,62,0.8,14.1%,18.2%,9.4%,3.2%,0.8,14.5%,17.3%
2012 Australian Open SF,W vs Murray,49,69,0.7,14.2%,20.0%,38,63,0.6,12.3%,20.4%,,,0.5,13.6%,24.9%
2012 Australian Open QF,W vs Ferrer,35,39,0.9,18.5%,20.6%,32,39,0.8,17.5%,21.3%,,,0.5,9.5%,19.0%
2012 Australian Open R16,W vs Hewitt,55,34,1.6,24.3%,15.0%,40,31,1.3,20.1%,15.6%,,,0.6,10.2%,16.4%
2012 Australian Open R32,W vs Mahut,31,8,3.9,26.3%,6.8%,24,7,3.4,22.9%,6.7%,,,0.5,10.2%,22.0%
2012 Australian Open R64,W vs Giraldo,27,21,1.3,19.6%,15.2%,18,19,0.9,14.9%,15.7%,,,0.3,9.4%,28.3%
2012 Australian Open R128,W vs Lorenzi,22,13,1.7,17.9%,10.6%,18,12,1.5,15.9%,10.6%,,,0.3,8.1%,24.4%
2011 Tour Finals RR,L vs Ferrer,9,33,0.3,8.7%,31.7%,7,30,0.2,7.4%,31.6%,4.2%,3.2%,1.3,15.4%,11.5%
2011 Tour Finals RR,L vs Tipsarevic,27,38,0.7,16.1%,22.6%,19,36,0.5,12.7%,24.0%,8.7%,4.0%,0.6,10.7%,17.3%
2011 US Open F,W vs Nadal,55,51,1.1,20.5%,19.0%,48,50,1.0,18.8%,19.6%,11.0%,7.1%,0.9,11.9%,13.8%
2011 US Open SF,W vs Federer,48,35,1.4,15.8%,11.5%,40,29,1.4,14.5%,10.5%,8.0%,5.1%,0.8,16.1%,19.4%
2011 US Open QF,W vs Tipsarevic,36,41,0.9,15.4%,17.5%,28,39,0.7,13.4%,18.7%,6.7%,5.3%,0.6,17.1%,27.4%
2011 US Open R16,W vs Dolgopolov,13,25,0.5,6.5%,12.6%,11,22,0.5,6.0%,12.0%,3.8%,2.2%,0.6,12.6%,22.1%
2011 US Open R32,W vs Davydenko,17,22,0.8,10.6%,13.7%,13,22,0.6,8.4%,14.3%,4.5%,1.3%,0.6,11.2%,19.9%
2011 US Open R64,W vs Berlocq,31,15,2.1,25.2%,12.2%,26,15,1.7,23.6%,13.6%,17.3%,5.5%,0.4,8.9%,21.1%
2011 US Open R128,W vs Niland,14,7,2.0,23.3%,11.7%,11,6,1.8,20.8%,11.3%,5.7%,11.3%,0.2,5.0%,30.0%
2011 Cincinnati Masters F,L vs Murray,7,30,0.2,8.3%,35.7%,7,29,0.2,8.5%,35.4%,7.3%,1.2%,0.8,8.3%,10.7%
2011 Cincinnati Masters SF,W vs Berdych,8,8,1.0,11.1%,11.1%,4,5,0.8,6.8%,8.5%,5.1%,1.7%,0.5,18.1%,33.3%
2011 Canada Masters F,W vs Fish,19,29,0.7,10.6%,16.2%,15,27,0.6,9.2%,16.6%,3.1%,5.5%,0.7,16.2%,21.8%
2011 Canada Masters SF,W vs Tsonga,12,7,1.7,15.4%,9.0%,11,7,1.6,15.5%,9.9%,9.9%,5.6%,0.5,12.8%,28.2%
2011 Wimbledon F,W vs Nadal,27,12,2.3,15.3%,6.8%,20,11,1.8,12.3%,6.7%,9.8%,1.8%,1.4,11.9%,8.5%
2011 Wimbledon SF,W vs Tsonga,34,13,2.6,13.4%,5.1%,29,12,2.4,12.6%,5.2%,7.0%,5.2%,1.4,16.2%,11.5%
2011 Wimbledon QF,W vs Tomic,39,27,1.4,15.4%,10.7%,25,23,1.1,11.1%,10.2%,5.3%,4.9%,1.0,17.0%,16.2%
2011 Wimbledon R16,W vs Llodra,32,6,5.3,20.8%,3.9%,23,5,4.6,17.8%,3.9%,10.9%,7.0%,1.3,17.5%,13.6%
2011 Wimbledon R32,W vs Baghdatis,38,33,1.2,15.0%,13.0%,28,29,1.0,12.6%,13.1%,7.2%,4.5%,1.7,15.7%,9.1%
2011 Wimbledon R64,W vs Anderson,31,14,2.2,19.5%,8.8%,24,10,2.4,17.5%,7.3%,10.9%,5.8%,1.2,13.8%,11.3%
2011 Wimbledon R128,W vs Chardy,25,6,4.2,18.4%,4.4%,16,5,3.2,13.9%,4.3%,8.7%,4.3%,1.0,16.2%,15.4%
2011 Roland Garros SF,L vs Federer,40,41,1.0,12.9%,13.3%,33,39,0.8,11.8%,13.9%,7.9%,3.6%,1.0,15.5%,14.9%
2011 Roland Garros R16,W vs Gasquet,34,15,2.3,21.8%,9.6%,26,15,1.7,18.6%,10.7%,11.4%,7.1%,0.6,10.3%,16.7%
2011 Roland Garros R32,W vs del Potro,41,38,1.1,19.6%,18.2%,35,36,1.0,18.1%,18.7%,8.8%,8.8%,0.5,10.5%,22.0%
2011 Roland Garros R64,W vs Hanescu,27,13,2.1,21.1%,10.2%,25,13,1.9,20.3%,10.6%,13.0%,7.3%,1.3,14.1%,10.9%
2011 Roland Garros R128,W vs De Bakker,25,19,1.3,18.0%,13.7%,25,17,1.5,19.4%,13.2%,12.4%,7.0%,0.6,13.7%,24.5%
2011 Rome Masters F,W vs Nadal,24,29,0.8,18.5%,22.3%,24,28,0.9,19.0%,22.2%,13.5%,5.6%,0.9,10.0%,11.5%
2011 Rome Masters SF,W vs Murray,35,37,0.9,18.0%,19.1%,31,35,0.9,17.4%,19.7%,10.7%,6.7%,0.8,17.0%,20.1%
2011 Madrid Masters F,W vs Nadal,26,26,1.0,19.5%,19.5%,23,25,0.9,18.3%,19.8%,8.7%,9.5%,0.8,12.8%,16.5%
2011 Madrid Masters SF,W vs Bellucci,14,33,0.4,9.0%,21.3%,8,32,0.3,5.6%,22.5%,4.2%,1.4%,0.6,13.5%,21.9%
2011 Madrid Masters R32,W vs Anderson,22,14,1.6,19.5%,12.4%,20,12,1.7,19.6%,11.8%,15.7%,3.9%,0.6,12.4%,19.5%
2011 Belgrade F,W vs Lopez,15,29,0.5,10.5%,20.3%,11,23,0.5,8.8%,18.4%,4.8%,4.0%,0.4,11.9%,32.2%
2011 Miami Masters F,W vs Nadal,39,40,1.0,19.0%,19.5%,36,40,0.9,18.8%,20.9%,11.5%,7.3%,0.8,11.7%,15.1%
2011 Miami Masters SF,W vs Fish,15,13,1.2,14.2%,12.3%,10,13,0.8,10.4%,13.5%,5.2%,4.2%,0.6,13.2%,20.8%
2011 Indian Wells Masters F,W vs Nadal,24,28,0.9,15.4%,17.9%,20,24,0.8,13.7%,16.4%,10.3%,3.4%,0.6,10.9%,17.9%
2011 Indian Wells Masters SF,W vs Federer,16,29,0.6,9.4%,17.1%,13,25,0.5,8.1%,15.6%,5.0%,3.1%,0.6,12.9%,21.8%
2011 Indian Wells Masters QF,W vs Gasquet,28,28,1.0,22.2%,22.2%,26,27,1.0,21.8%,22.7%,16.8%,5.0%,0.7,11.1%,16.7%
2011 Dubai F,W vs Federer,9,10,0.9,8.4%,9.3%,4,10,0.4,4.2%,10.4%,3.1%,1.0%,0.6,15.9%,25.2%
2011 Australian Open F,W vs Murray,26,33,0.8,14.1%,17.9%,20,33,0.6,11.9%,19.6%,,,0.4,11.4%,25.5%
2011 Australian Open SF,W vs Federer,29,35,0.8,12.6%,15.2%,23,30,0.8,10.7%,14.0%,,,0.8,15.2%,19.1%
2011 Australian Open QF,W vs Berdych,34,21,1.6,18.2%,11.2%,24,20,1.2,14.5%,12.0%,,,0.9,15.5%,17.1%
2011 Australian Open R16,W vs Almagro,31,17,1.8,20.3%,11.1%,19,13,1.5,14.6%,10.0%,,,0.4,9.8%,22.9%
2011 Australian Open R32,W vs Troicki,11,8,1.4,18.3%,13.3%,10,8,1.3,17.9%,14.3%,,,0.4,11.7%,28.3%
2011 Australian Open R64,W vs Dodig,49,50,1.0,18.4%,18.7%,40,47,0.9,16.6%,19.5%,,,0.6,8.6%,14.6%
2011 Australian Open R128,W vs Granollers,34,17,2.0,26.0%,13.0%,27,16,1.7,23.1%,13.7%,,,0.6,11.5%,19.8%
2010 Tour Finals SF,L vs Federer,14,19,0.7,12.5%,17.0%,12,16,0.8,11.9%,15.8%,9.9%,2.0%,2.1,25.9%,12.5%
2010 Tour Finals RR,W vs Roddick,17,14,1.2,18.3%,15.1%,12,14,0.9,14.3%,16.7%,13.1%,1.2%,0.4,6.5%,17.2%
2010 Tour Finals RR,W vs Berdych,18,19,0.9,16.7%,17.6%,13,18,0.7,14.0%,19.4%,6.5%,7.5%,0.6,13.9%,24.1%
2010 Tour Finals RR,L vs Nadal,14,30,0.5,11.4%,24.4%,7,29,0.2,6.4%,26.4%,3.6%,2.7%,0.9,13.0%,14.6%
2010 Basel F,L vs Federer,16,37,0.4,9.6%,22.3%,12,35,0.3,7.9%,23.2%,5.3%,2.6%,0.7,12.7%,19.3%
2010 Shanghai Masters SF,L vs Federer,20,30,0.7,13.5%,20.3%,16,26,0.6,12.3%,20.0%,6.9%,5.4%,1.5,19.6%,13.5%
2010 Beijing F,W vs Ferrer,11,12,0.9,10.3%,11.2%,9,11,0.8,8.8%,10.8%,2.0%,6.9%,0.2,7.5%,33.6%
2010 US Open F,L vs Nadal,40,53,0.8,15.7%,20.8%,35,49,0.7,14.8%,20.8%,10.6%,4.2%,1.2,16.1%,13.3%
2010 US Open SF,W vs Federer,30,41,0.7,9.6%,13.2%,26,38,0.7,9.0%,13.2%,4.5%,4.5%,0.6,12.5%,22.2%
2010 US Open QF,W vs Monfils,32,41,0.8,15.3%,19.6%,31,37,0.8,15.9%,19.0%,10.8%,5.1%,0.4,6.7%,15.8%
2010 US Open R32,W vs Blake,13,10,1.3,7.8%,6.0%,9,9,1.0,5.8%,5.8%,3.2%,2.6%,0.7,13.8%,18.6%
2010 Cincinnati Masters QF,L vs Roddick,26,29,0.9,21.5%,24.0%,21,27,0.8,20.8%,26.7%,10.9%,9.9%,1.2,12.4%,10.7%
2010 Canada Masters SF,L vs Federer,27,44,0.6,12.7%,20.7%,25,41,0.6,12.8%,21.0%,9.7%,3.1%,0.8,12.7%,15.5%
2010 Wimbledon SF,L vs Berdych,25,33,0.8,13.3%,17.6%,16,25,0.6,10.1%,15.8%,5.7%,4.4%,1.0,16.5%,16.0%
2010 Wimbledon R128,W vs Rochus,74,68,1.1,23.6%,21.7%,57,56,1.0,20.4%,20.1%,11.1%,9.0%,0.7,9.9%,13.7%
2010 Monte Carlo Masters SF,L vs Verdasco,6,39,0.2,5.4%,35.1%,6,34,0.2,5.9%,33.7%,5.0%,1.0%,0.6,9.9%,17.1%
2010 Dubai F,W vs Youzhny,25,54,0.5,11.6%,25.1%,20,42,0.5,10.3%,21.5%,8.2%,2.1%,0.3,8.8%,26.5%
2010 Australian Open QF,L vs Tsonga,39,56,0.7,12.5%,17.9%,37,47,0.8,13.2%,16.7%,8.5%,4.6%,0.9,16.9%,18.8%
2009 Tour Finals RR,W vs Davydenko,23,39,0.6,11.5%,19.5%,21,35,0.6,11.5%,19.1%,6.6%,4.4%,0.9,15.0%,17.0%
2009 Tour Finals RR,W vs Nadal,21,36,0.6,14.6%,25.0%,19,33,0.6,14.2%,24.6%,8.2%,6.0%,0.3,6.9%,23.6%
2009 Tour Finals RR,L vs Soderling,16,27,0.6,12.3%,20.8%,14,26,0.5,12.0%,22.2%,3.4%,3.4%,1.5,26.2%,17.7%
2009 Paris Masters F,W vs Monfils,28,42,0.7,13.7%,20.6%,26,37,0.7,14.6%,20.8%,11.8%,2.8%,0.7,11.3%,16.7%
2009 Paris Masters SF,W vs Nadal,29,14,2.1,33.0%,15.9%,25,10,2.5,33.8%,13.5%,24.3%,9.5%,1.5,13.6%,9.1%
2009 Basel F,W vs Federer,25,34,0.7,14.9%,20.2%,20,27,0.7,13.5%,18.2%,8.1%,5.4%,0.5,11.3%,23.2%
2009 Shanghai Masters SF,L vs Davydenko,26,35,0.7,11.9%,16.0%,21,33,0.6,10.2%,16.0%,5.8%,4.4%,0.7,16.9%,23.7%
2009 Beijing F,W vs Cilic,20,19,1.1,14.5%,13.8%,18,18,1.0,13.5%,13.5%,9.0%,4.5%,0.6,14.5%,23.9%
2009 US Open SF,L vs Federer,29,36,0.8,12.9%,16.1%,23,32,0.7,11.3%,15.8%,6.9%,3.9%,1.6,22.3%,13.8%
2009 Cincinnati Masters F,L vs Federer,16,26,0.6,11.3%,18.4%,13,25,0.5,10.0%,19.2%,6.9%,3.1%,1.2,19.1%,16.3%
2009 Cincinnati Masters SF,W vs Nadal,19,27,0.7,17.1%,24.3%,14,26,0.5,13.9%,25.7%,9.9%,4.0%,0.4,9.0%,20.7%
2009 Wimbledon QF,L vs Haas,45,39,1.2,18.3%,15.9%,31,35,0.9,15.2%,17.2%,8.3%,6.9%,0.9,17.1%,18.7%
2009 Halle F,L vs Haas,23,18,1.3,12.6%,9.8%,19,15,1.3,11.9%,9.4%,3.8%,6.3%,1.0,20.2%,19.7%
2009 Madrid Masters SF,L vs Nadal,36,44,0.8,14.7%,18.0%,30,41,0.7,13.0%,17.8%,7.0%,4.8%,0.6,12.7%,20.8%
2009 Belgrade F,W vs Kubot,21,17,1.2,16.2%,13.1%,14,15,0.9,11.9%,12.7%,6.8%,5.1%,0.6,12.3%,20.8%
2009 Rome Masters F,L vs Nadal,22,37,0.6,16.2%,27.2%,22,35,0.6,16.5%,26.3%,8.3%,8.3%,1.0,14.0%,14.0%
2009 Rome Masters SF,W vs Federer,30,36,0.8,16.6%,19.9%,27,30,0.9,16.6%,18.4%,13.5%,3.1%,0.7,14.4%,22.1%
2009 Rome Masters QF,W vs del Potro,22,26,0.8,18.5%,21.8%,19,23,0.8,17.6%,21.3%,9.3%,4.6%,0.4,10.1%,24.4%
2009 Monte Carlo Masters F,L vs Nadal,27,52,0.5,15.5%,29.9%,23,49,0.5,14.0%,29.9%,11.0%,3.0%,0.9,14.4%,15.5%
2009 Monte Carlo Masters SF,W vs Wawrinka,15,27,0.6,8.4%,15.2%,14,23,0.6,8.3%,13.6%,3.6%,4.7%,0.4,12.9%,32.0%
2009 Miami Masters F,L vs Murray,15,38,0.4,11.2%,28.4%,13,33,0.4,10.9%,27.7%,5.9%,5.0%,1.2,17.2%,14.2%
2009 Miami Masters SF,W vs Federer,17,29,0.6,11.1%,19.0%,13,25,0.5,9.5%,18.2%,8.0%,1.5%,0.4,12.4%,28.8%
2009 Davis Cup RR,L vs Ferrer,34,60,0.6,15.0%,26.5%,31,54,0.6,14.7%,25.6%,9.0%,4.7%,0.9,12.8%,14.6%
2009 Davis Cup RR,L vs Nadal,18,44,0.4,10.7%,26.0%,16,40,0.4,10.2%,25.5%,5.1%,5.1%,1.0,16.6%,16.0%
2009 Dubai F,W vs Ferrer,22,28,0.8,18.0%,23.0%,19,28,0.7,17.0%,25.0%,14.3%,2.7%,0.5,10.7%,21.3%
2009 Australian Open QF,L vs Roddick,42,40,1.1,20.8%,19.8%,33,35,0.9,19.8%,21.0%,13.8%,6.0%,2.3,19.3%,8.4%
2008 Masters Cup F,W vs Davydenko,20,16,1.3,16.8%,13.4%,17,13,1.3,15.7%,12.0%,10.2%,5.6%,0.6,10.9%,19.3%
2008 Masters Cup SF,W vs Simon,34,56,0.6,15.8%,26.0%,26,55,0.5,13.2%,27.9%,9.1%,4.1%,0.8,11.2%,14.9%
2008 Bangkok F,L vs Tsonga,14,23,0.6,11.4%,18.7%,11,22,0.5,9.9%,19.8%,8.1%,1.8%,0.9,19.5%,21.1%
2008 US Open SF,L vs Federer,38,50,0.8,15.3%,20.1%,32,45,0.7,14.7%,20.7%,9.2%,4.1%,2.1,20.5%,9.6%
2008 Beijing Olympics BR,W vs Blake,17,20,0.9,13.8%,16.3%,10,19,0.5,9.1%,17.3%,5.5%,3.6%,0.5,11.4%,22.0%
2008 Beijing Olympics SF,L vs Nadal,28,37,0.8,17.5%,23.1%,19,32,0.6,13.4%,22.5%,5.6%,7.7%,0.6,10.0%,16.3%
2008 Beijing Olympics QF,W vs Monfils,23,45,0.5,12.6%,24.6%,18,44,0.4,10.8%,26.3%,8.4%,2.4%,0.6,9.3%,15.3%
2008 Cincinnati Masters F,L vs Murray,31,48,0.6,16.8%,26.1%,25,42,0.6,14.8%,24.9%,8.9%,5.9%,0.4,7.6%,17.9%
2008 Cincinnati Masters SF,W vs Nadal,18,16,1.1,17.6%,15.7%,14,16,0.9,14.7%,16.8%,11.6%,3.2%,0.9,9.8%,10.8%
2008 Canada Masters QF,L vs Murray,22,33,0.7,16.1%,24.1%,19,31,0.6,14.6%,23.8%,10.0%,3.1%,0.7,10.2%,14.6%
2008 Wimbledon R64,L vs Safin,13,48,0.3,6.8%,25.0%,8,38,0.2,4.8%,22.8%,3.6%,1.2%,0.6,11.5%,20.3%
2008 Queen's Club F,L vs Nadal,28,32,0.9,16.3%,18.6%,24,32,0.8,14.5%,19.4%,10.9%,3.6%,1.2,16.3%,13.4%
2008 Roland Garros SF,L vs Nadal,34,37,0.9,17.2%,18.7%,32,36,0.9,16.4%,18.5%,9.7%,6.7%,1.3,12.1%,9.1%
2008 Hamburg Masters SF,L vs Nadal,29,43,0.7,14.3%,21.2%,29,43,0.7,14.6%,21.7%,10.6%,4.0%,1.4,15.3%,10.8%
2008 Rome Masters F,W vs Wawrinka,23,29,0.8,14.6%,18.4%,23,28,0.8,15.0%,18.3%,10.5%,4.6%,0.5,10.1%,20.3%
2008 Rome Masters SF,W vs Stepanek,7,3,2.3,20.0%,8.6%,5,3,1.7,16.1%,9.7%,12.9%,3.2%,0.0,0.0%,31.4%
2008 Monte Carlo Masters SF,L vs Federer,20,25,0.8,19.2%,24.0%,18,22,0.8,18.4%,22.4%,17.3%,1.0%,1.8,20.2%,11.5%
2008 Monte Carlo Masters R16,W vs Murray,23,19,1.2,21.9%,18.1%,23,19,1.2,23.7%,19.6%,14.4%,9.3%,0.5,11.4%,22.9%
2008 Indian Wells Masters F,W vs Fish,28,26,1.1,16.4%,15.2%,18,25,0.7,12.0%,16.7%,6.7%,4.7%,0.6,15.2%,24.0%
2008 Indian Wells Masters SF,W vs Nadal,20,17,1.2,19.8%,16.8%,12,17,0.7,13.5%,19.1%,6.7%,6.7%,0.3,7.9%,22.8%
2008 Dubai QF,W vs Andreev,16,11,1.5,19.5%,13.4%,15,10,1.5,19.2%,12.8%,14.1%,5.1%,0.3,4.9%,19.5%
2008 Australian Open F,W vs Tsonga,45,42,1.1,17.4%,16.3%,34,40,0.9,14.9%,17.5%,8.3%,6.1%,0.9,17.4%,18.6%
2008 Australian Open SF,W vs Federer,38,28,1.4,19.4%,14.3%,24,22,1.1,14.6%,13.4%,10.4%,4.3%,1.2,16.8%,14.3%
2008 Australian Open R128,W vs Becker,22,18,1.2,13.7%,11.2%,16,14,1.1,11.3%,9.9%,7.0%,4.2%,0.7,9.9%,14.9%
2007 Masters Cup RR,L vs Nadal,24,31,0.8,19.2%,24.8%,15,31,0.5,13.3%,27.4%,9.7%,3.5%,1.4,13.6%,9.6%
2007 Masters Cup RR,L vs Gasquet,14,19,0.7,12.8%,17.4%,13,17,0.8,12.7%,16.7%,6.9%,5.9%,1.9,22.9%,11.9%
2007 Madrid Masters SF,L vs Nalbandian,16,26,0.6,10.7%,17.4%,8,21,0.4,6.3%,16.4%,6.3%,0.0%,1.0,15.4%,15.4%
2007 Vienna F,W vs Wawrinka,19,16,1.2,18.8%,15.8%,18,16,1.1,18.8%,16.7%,10.4%,8.3%,0.5,11.9%,22.8%
2007 US Open F,L vs Federer,24,41,0.6,10.9%,18.6%,19,34,0.6,9.8%,17.6%,7.3%,2.6%,0.9,16.8%,19.5%
2007 US Open SF,W vs Ferrer,30,39,0.8,16.0%,20.7%,22,36,0.6,12.9%,21.2%,9.4%,3.5%,0.5,8.5%,18.6%
2007 Canada Masters F,W vs Federer,22,21,1.0,11.2%,10.7%,16,18,0.9,9.2%,10.4%,6.9%,2.3%,1.1,22.8%,20.8%
2007 Canada Masters SF,W vs Nadal,26,27,1.0,19.7%,20.5%,15,25,0.6,13.0%,21.7%,9.6%,3.5%,0.8,10.6%,13.6%
2007 Wimbledon SF,L vs Nadal,6,12,0.5,75.0%,150.0%,4,11,0.4,133.3%,366.7%,66.7%,66.7%,10.0,125.0%,12.5%
2007 Wimbledon R16,W vs Hewitt,53,65,0.8,18.1%,22.2%,35,60,0.6,13.4%,23.0%,6.1%,6.9%,1.0,15.0%,15.4%
2007 Roland Garros SF,L vs Nadal,26,41,0.6,14.4%,22.7%,23,40,0.6,13.3%,23.1%,9.2%,4.0%,1.9,18.2%,9.4%
2007 Rome Masters QF,L vs Nadal,18,26,0.7,15.9%,23.0%,17,25,0.7,15.9%,23.4%,13.1%,2.8%,2.7,26.5%,9.7%
2007 Estoril F,W vs Gasquet,18,35,0.5,13.1%,25.5%,15,31,0.5,12.2%,25.2%,4.9%,7.3%,0.9,21.2%,23.4%
2007 Miami Masters F,W vs Canas,40,32,1.3,24.2%,19.4%,33,31,1.1,22.6%,21.2%,12.3%,10.3%,0.8,12.1%,15.8%
2007 Miami Masters SF,W vs Murray,14,9,1.6,16.7%,10.7%,12,7,1.7,16.2%,9.5%,9.5%,6.8%,0.2,6.0%,34.5%
2007 Miami Masters QF,W vs Nadal,19,16,1.2,16.0%,13.4%,12,16,0.8,11.0%,14.7%,7.3%,3.7%,0.8,16.8%,20.2%
2007 Indian Wells Masters F,L vs Nadal,17,25,0.7,14.7%,21.6%,14,23,0.6,13.0%,21.3%,10.2%,2.8%,1.0,13.8%,13.8%
2007 Indian Wells Masters SF,W vs Murray,14,13,1.1,15.9%,14.8%,11,13,0.8,13.4%,15.9%,8.5%,4.9%,0.6,12.5%,21.6%
2007 Dubai QF,L vs Federer,13,34,0.4,6.6%,17.3%,7,30,0.2,4.0%,16.9%,2.3%,1.7%,1.0,18.4%,18.4%
2007 Australian Open R16,L vs Federer,17,27,0.6,9.4%,14.9%,10,25,0.4,6.3%,15.8%,2.5%,3.8%,2.0,28.2%,14.4%
2007 Australian Open R128,W vs Massu,40,17,2.4,31.3%,13.3%,35,16,2.2,29.9%,13.7%,10.3%,15.4%,0.4,8.6%,19.5%
2007 Adelaide F,W vs Guccione,40,19,2.1,18.3%,8.7%,36,13,2.8,18.9%,6.8%,11.6%,7.4%,1.7,21.6%,12.8%
2006 Madrid Masters R16,W vs Murray,20,40,0.5,11.5%,23.0%,17,37,0.5,10.6%,23.0%,8.1%,1.2%,0.6,13.2%,20.7%
2006 Metz F,W vs Melzer,27,17,1.6,15.3%,9.7%,17,16,1.1,10.8%,10.1%,6.3%,4.4%,0.7,14.8%,20.5%
2006 Davis Cup RR,L vs Federer,15,26,0.6,8.5%,14.8%,12,24,0.5,7.5%,15.0%,5.0%,2.5%,1.7,24.4%,14.2%
2006 Amersfoort F,W vs Massu,22,29,0.8,15.7%,20.7%,15,26,0.6,12.8%,22.2%,8.5%,4.3%,1.1,18.6%,17.1%
2006 Monte Carlo Masters R64,L vs Federer,21,36,0.6,12.7%,21.8%,20,32,0.6,12.6%,20.1%,5.0%,7.5%,0.8,14.5%,18.2%
2006 Miami Masters R64,L vs Coria,20,34,0.6,14.9%,25.4%,16,28,0.6,13.0%,22.8%,8.9%,4.1%,1.2,13.4%,11.2%
2005 US Open R128,W vs Monfils,44,73,0.6,13.5%,22.4%,41,68,0.6,14.1%,23.4%,7.6%,5.5%,1.6,16.9%,10.7%
2005 Australian Open R128,L vs Safin,4,31,0.1,3.4%,26.5%,3,26,0.1,2.8%,23.9%,0.9%,0.9%,1.2,19.7%,16.2%
